EmpID,Employee_Name,GenderLabel,Sex,MaritalDesc,Age,AgeBand,RaceDesc,HispanicLatino,CitizenDesc,State,Department,Position,ManagerName,RecruitmentSource,Salary,MonthlyIncome,SalaryBand,DateofHire,DateofTermination,TenureYears,TenureBand,EmploymentStatus,TermReason,Attrition,AttritionFlag,IsVoluntary,EmpSatisfaction,EngagementSurvey,PerformanceScore,PerfScoreID,HighPerformer,LowPerformer,SpecialProjectsCount,DaysLateLast30,Absences,AbsenteeismRate,LastPerformanceReview_Date
10026,"Adinolfi, Wilson  K",Homme,M,Single,36,30-39,White,No,US Citizen,MA,Production,Production Technician I,Michael Albert,LinkedIn,62506,5209,55-70k,2011-07-05,,8.49,9+ ans,Active,N/A-StillEmployed,No,0,0,5,4.6,Exceeds,4,1,0,0,0,1,0.38,2019-01-17
10084,"Ait Sidi, Karthikeyan",Homme,M,Married,45,40-49,White,No,US Citizen,MA,IT/IS,Sr. DBA,Simon Roup,Indeed,104437,8703,90k+,2015-03-30,2016-06-16,1.22,0-2 ans,Voluntarily Terminated,career change,Yes,1,1,3,4.96,Fully Meets,3,0,0,6,0,17,6.51,2016-02-24
10196,"Akinkuolie, Sarah",Femme,F,Married,31,30-39,White,No,US Citizen,MA,Production,Production Technician II,Kissy Sullivan,LinkedIn,64955,5413,55-70k,2011-07-05,2012-09-24,1.22,0-2 ans,Voluntarily Terminated,hours,Yes,1,1,3,3.02,Fully Meets,3,0,0,0,0,3,1.15,2012-05-15
10088,"Alagbe,Trina",Femme,F,Married,31,30-39,White,No,US Citizen,MA,Production,Production Technician I,Elijiah Gray,Indeed,64991,5416,55-70k,2008-01-07,,11.98,9+ ans,Active,N/A-StillEmployed,No,0,0,5,4.84,Fully Meets,3,0,0,0,0,15,5.75,2019-01-03
10069,"Anderson, Carol",Femme,F,Divorced,30,30-39,White,No,US Citizen,MA,Production,Production Technician I,Webster Butler,Google Search,50825,4235,<55k,2011-07-11,2016-09-06,5.16,6-8 ans,Voluntarily Terminated,return to school,Yes,1,1,4,5.0,Fully Meets,3,0,0,0,0,2,0.77,2016-02-01
10002,"Anderson, Linda",Femme,F,Single,43,40-49,White,No,US Citizen,MA,Production,Production Technician I,Amy Dunn,LinkedIn,57568,4797,55-70k,2012-01-09,,7.98,6-8 ans,Active,N/A-StillEmployed,No,0,0,5,5.0,Exceeds,4,1,0,0,0,15,5.75,2019-01-07
10194,"Andreola, Colby",Femme,F,Single,41,40-49,White,No,US Citizen,MA,Software Engineering,Software Engineer,Alex Sweetwater,LinkedIn,95660,7972,90k+,2014-11-10,,5.14,6-8 ans,Active,N/A-StillEmployed,No,0,0,3,3.04,Fully Meets,3,0,0,4,0,19,7.28,2019-01-02
10062,"Athwal, Sam",Homme,M,Widowed,37,30-39,White,No,US Citizen,MA,Production,Production Technician I,Ketsia Liebig,Employee Referral,59365,4947,55-70k,2013-09-30,,6.25,6-8 ans,Active,N/A-StillEmployed,No,0,0,4,5.0,Fully Meets,3,0,0,0,0,19,7.28,2019-02-25
10114,"Bachiochi, Linda",Femme,F,Single,50,50+,Black or African American,No,US Citizen,MA,Production,Production Technician I,Brannon Miller,Diversity Job Fair,47837,3986,<55k,2009-07-06,,10.49,9+ ans,Active,N/A-StillEmployed,No,0,0,3,4.46,Fully Meets,3,0,0,0,0,4,1.53,2019-01-25
10250,"Bacong, Alejandro",Homme,M,Divorced,32,30-39,White,No,US Citizen,MA,IT/IS,IT Support,Peter Monroe,Indeed,50178,4182,<55k,2015-01-05,,4.99,3-5 ans,Active,N/A-StillEmployed,No,0,0,5,5.0,Fully Meets,3,0,0,6,0,16,6.13,2019-02-18
10252,"Baczenski, Rachael",Femme,F,Married,46,40-49,Black or African American,Yes,US Citizen,MA,Production,Production Technician I,David Stanley,Diversity Job Fair,54670,4556,<55k,2011-01-10,2017-01-12,6.01,6-8 ans,Voluntarily Terminated,Another position,Yes,1,1,4,4.2,Fully Meets,3,0,0,0,0,12,4.6,2016-01-30
10242,"Barbara, Thomas",Homme,M,Married,46,40-49,Black or African American,Yes,US Citizen,MA,Production,Production Technician I,Kissy Sullivan,Diversity Job Fair,47211,3934,<55k,2012-04-02,2016-09-19,4.47,3-5 ans,Voluntarily Terminated,unhappy,Yes,1,1,3,4.2,Fully Meets,3,0,0,0,0,15,5.75,2016-05-06
10012,"Barbossa, Hector",Homme,M,Divorced,31,30-39,Black or African American,No,US Citizen,TX,IT/IS,Data Analyst,Simon Roup,Diversity Job Fair,92328,7694,90k+,2014-11-10,,5.14,6-8 ans,Active,N/A-StillEmployed,No,0,0,4,4.28,Exceeds,4,1,0,5,0,9,3.45,2019-02-25
10265,"Barone, Francesco  A",Homme,M,Single,36,30-39,Two or more races,No,US Citizen,MA,Production,Production Technician I,Kelley Spirea,Google Search,58709,4892,55-70k,2012-02-20,,7.86,6-8 ans,Active,N/A-StillEmployed,No,0,0,4,4.6,Fully Meets,3,0,0,0,0,7,2.68,2019-02-14
10066,"Barton, Nader",Homme,M,Divorced,42,40-49,White,No,US Citizen,MA,Production,Production Technician I,Michael Albert,On-line Web application,52505,4375,<55k,2012-09-24,2017-04-06,4.53,3-5 ans,Voluntarily Terminated,Another position,Yes,1,1,5,5.0,Fully Meets,3,0,0,0,0,1,0.38,2017-03-02
10061,"Bates, Norman",Homme,M,Single,38,30-39,White,No,US Citizen,MA,Production,Production Technician I,Kelley Spirea,Google Search,57834,4820,55-70k,2011-02-21,2017-08-04,6.45,6-8 ans,Terminated for Cause,attendance,Yes,1,0,4,5.0,Fully Meets,3,0,0,0,0,20,7.66,2017-04-05
10023,"Beak, Kimberly",Femme,F,Married,54,50+,White,No,US Citizen,MA,Production,Production Technician II,Kelley Spirea,Employee Referral,70131,5844,70-90k,2016-07-21,,3.44,3-5 ans,Active,N/A-StillEmployed,No,0,0,3,4.4,Exceeds,4,1,0,0,0,16,6.13,2019-01-14
10055,"Beatrice, Courtney",Femme,F,Single,49,40-49,White,No,Eligible NonCitizen,MA,Production,Production Technician I,Elijiah Gray,Google Search,59026,4919,55-70k,2011-04-04,,8.74,9+ ans,Active,N/A-StillEmployed,No,0,0,5,5.0,Fully Meets,3,0,0,0,0,12,4.6,2019-01-14
10245,"Becker, Renee",Femme,F,Single,34,30-39,White,Yes,US Citizen,MA,IT/IS,Database Administrator,Simon Roup,Google Search,110000,9167,90k+,2014-07-07,2015-09-12,1.18,0-2 ans,Terminated for Cause,performance,Yes,1,0,4,4.5,Fully Meets,3,0,0,5,0,8,3.07,2015-01-15
10277,"Becker, Scott",Homme,M,Single,41,40-49,Asian,No,US Citizen,MA,Production,Production Technician I,Webster Butler,LinkedIn,53250,4438,<55k,2013-07-08,,6.48,6-8 ans,Active,N/A-StillEmployed,No,0,0,4,4.2,Fully Meets,3,0,0,0,0,13,4.98,2019-01-11
10046,"Bernstein, Sean",Homme,M,Single,49,40-49,White,Yes,US Citizen,MA,Production,Production Technician I,Amy Dunn,Google Search,51044,4254,<55k,2012-04-02,,7.75,6-8 ans,Active,N/A-StillEmployed,No,0,0,3,5.0,Fully Meets,3,0,0,0,0,13,4.98,2019-01-14
10226,"Biden, Lowan  M",Femme,F,Divorced,61,50+,Asian,No,US Citizen,MA,Production,Production Technician I,Ketsia Liebig,Indeed,64919,5410,55-70k,2013-08-19,,6.37,6-8 ans,Active,N/A-StillEmployed,No,0,0,3,4.2,Fully Meets,3,0,0,0,0,2,0.77,2019-01-10
10003,"Billis, Helen",Femme,F,Married,30,30-39,White,No,US Citizen,MA,Production,Production Technician I,Brannon Miller,Indeed,62910,5242,55-70k,2014-07-07,,5.48,6-8 ans,Active,N/A-StillEmployed,No,0,0,3,5.0,Exceeds,4,1,0,0,0,19,7.28,2019-02-27
10294,"Blount, Dianna",Femme,F,Single,29,<30,White,No,US Citizen,MA,Production,Production Technician II,Michael Albert,CareerBuilder,66441,5537,55-70k,2011-04-04,,8.74,9+ ans,Active,N/A-StillEmployed,No,0,0,3,2.0,Needs Improvement,2,0,1,0,2,3,1.15,2019-02-27
10267,"Bondwell, Betsy",Femme,F,Single,53,50+,White,No,US Citizen,MA,Production,Production Technician II,Elijiah Gray,Google Search,57815,4818,55-70k,2011-01-10,2014-04-04,3.23,3-5 ans,Voluntarily Terminated,career change,Yes,1,1,5,4.8,Fully Meets,3,0,0,0,0,5,1.92,2014-03-04
10199,"Booth, Frank",Homme,M,Single,55,50+,Black or African American,No,US Citizen,CT,IT/IS,Enterprise Architect,Simon Roup,LinkedIn,103613,8634,90k+,2014-02-17,2016-02-19,2.0,0-2 ans,Terminated for Cause,Learned that he is a gangster,Yes,1,0,5,3.5,Fully Meets,3,0,0,7,0,2,0.77,2016-01-10
10081,"Boutwell, Bonalyn",Femme,F,Married,33,30-39,Black or African American,No,US Citizen,MA,Admin Offices,Sr. Accountant,Brandon R. LeBlanc,Diversity Job Fair,106367,8864,90k+,2015-02-16,,4.87,3-5 ans,Active,N/A-StillEmployed,No,0,0,4,5.0,Fully Meets,3,0,0,3,0,4,1.53,2019-02-18
10175,"Bozzi, Charles",Homme,M,Single,50,50+,Asian,No,US Citizen,MA,Production,Production Manager,Janet King,Indeed,74312,6193,70-90k,2013-09-30,2014-08-07,0.85,0-2 ans,Voluntarily Terminated,retiring,Yes,1,1,3,3.39,Fully Meets,3,0,0,0,0,14,5.36,2014-02-20
10177,"Brill, Donna",Femme,F,Married,29,<30,White,No,US Citizen,MA,Production,Production Technician I,David Stanley,Google Search,53492,4458,<55k,2012-04-02,2013-06-15,1.2,0-2 ans,Voluntarily Terminated,Another position,Yes,1,1,4,3.35,Fully Meets,3,0,0,0,0,6,2.3,2013-03-04
10238,"Brown, Mia",Femme,F,Married,32,30-39,Black or African American,No,US Citizen,MA,Admin Offices,Accountant I,Brandon R. LeBlanc,Diversity Job Fair,63000,5250,55-70k,2008-10-27,,11.18,9+ ans,Active,N/A-StillEmployed,No,0,0,2,4.5,Fully Meets,3,0,0,6,0,14,5.36,2019-01-15
10184,"Buccheri, Joseph",Homme,M,Single,36,30-39,White,No,US Citizen,MA,Production,Production Technician II,Webster Butler,Google Search,65288,5441,55-70k,2014-09-29,,5.25,6-8 ans,Active,N/A-StillEmployed,No,0,0,3,3.19,Fully Meets,3,0,0,0,0,9,3.45,2019-02-01
10203,"Bugali, Josephine",Femme,F,Separated,50,50+,Black or African American,No,US Citizen,MA,Production,Production Technician I,Kissy Sullivan,Diversity Job Fair,64375,5365,55-70k,2013-11-11,,6.14,6-8 ans,Active,N/A-StillEmployed,No,0,0,5,3.5,Fully Meets,3,0,0,0,0,17,6.51,2019-01-21
10188,"Bunbury, Jessica",Femme,F,Married,56,50+,Black or African American,No,Eligible NonCitizen,VA,Sales,Area Sales Manager,John Smith,Google Search,74326,6194,70-90k,2011-08-15,2014-08-02,2.97,3-5 ans,Voluntarily Terminated,Another position,Yes,1,1,5,3.14,Fully Meets,3,0,0,0,1,19,7.28,2013-02-10
10107,"Burke, Joelle",Femme,F,Single,40,40-49,Black or African American,No,US Citizen,MA,Production,Production Technician II,Amy Dunn,Employee Referral,63763,5314,55-70k,2012-03-05,,7.82,6-8 ans,Active,N/A-StillEmployed,No,0,0,4,4.51,Fully Meets,3,0,0,0,0,3,1.15,2019-02-21
10181,"Burkett, Benjamin",Homme,M,Married,42,40-49,White,No,US Citizen,MA,Production,Production Technician II,Ketsia Liebig,Indeed,62162,5180,55-70k,2011-04-04,,8.74,9+ ans,Active,N/A-StillEmployed,No,0,0,5,3.25,Fully Meets,3,0,0,0,0,15,5.75,2019-01-14
10150,"Cady, Max",Homme,M,Single,53,50+,White,No,US Citizen,MA,Software Engineering,Software Engineering Manager,Jennifer Zamora,Google Search,77692,6474,70-90k,2011-08-15,,8.38,9+ ans,Active,N/A-StillEmployed,No,0,0,3,3.84,Fully Meets,3,0,0,5,0,4,1.53,2019-01-21
10001,"Candie, Calvin",Homme,M,Single,36,30-39,White,No,US Citizen,MA,Production,Production Manager,Janet King,Indeed,72640,6053,70-90k,2016-01-28,,3.92,3-5 ans,Active,N/A-StillEmployed,No,0,0,3,5.0,Exceeds,4,1,0,0,0,14,5.36,2019-02-22
10085,"Carabbio, Judith",Femme,F,Single,33,30-39,White,No,US Citizen,MA,Software Engineering,Software Engineer,Alex Sweetwater,Indeed,93396,7783,90k+,2013-11-11,,6.14,6-8 ans,Active,N/A-StillEmployed,No,0,0,4,4.96,Fully Meets,3,0,0,6,0,3,1.15,2019-01-30
10115,"Carey, Michael",Homme,M,Single,37,30-39,Black or African American,No,US Citizen,MA,Production,Production Technician I,Kelley Spirea,LinkedIn,52846,4404,<55k,2014-03-31,,5.75,6-8 ans,Active,N/A-StillEmployed,No,0,0,3,4.43,Fully Meets,3,0,0,0,0,14,5.36,2019-02-01
10082,"Carr, Claudia  N",Femme,F,Single,34,30-39,Black or African American,No,US Citizen,MA,IT/IS,Sr. DBA,Simon Roup,LinkedIn,100031,8336,90k+,2016-06-30,,3.5,3-5 ans,Active,N/A-StillEmployed,No,0,0,5,5.0,Fully Meets,3,0,0,6,0,7,2.68,2019-02-18
10040,"Carter, Michelle",Femme,F,Single,57,50+,White,No,US Citizen,VT,Sales,Area Sales Manager,John Smith,Indeed,71860,5988,70-90k,2014-08-18,,5.37,6-8 ans,Active,N/A-StillEmployed,No,0,0,5,5.0,Fully Meets,3,0,0,0,0,7,2.68,2019-01-21
10067,"Chace, Beatrice",Femme,F,Single,69,50+,White,No,US Citizen,MA,Production,Production Technician I,Michael Albert,Google Search,61656,5138,55-70k,2014-09-29,,5.25,6-8 ans,Active,N/A-StillEmployed,No,0,0,4,5.0,Fully Meets,3,0,0,0,0,11,4.21,2019-02-12
10108,"Champaigne, Brian",Homme,M,Married,48,40-49,White,No,US Citizen,MA,IT/IS,BI Director,Jennifer Zamora,Indeed,110929,9244,90k+,2016-09-06,,3.32,3-5 ans,Active,N/A-StillEmployed,No,0,0,5,4.5,Fully Meets,3,0,0,7,0,8,3.07,2019-01-15
10210,"Chan, Lin",Femme,F,Single,41,40-49,White,No,US Citizen,MA,Production,Production Technician I,Elijiah Gray,Indeed,54237,4520,<55k,2014-05-12,,5.64,6-8 ans,Active,N/A-StillEmployed,No,0,0,4,3.3,Fully Meets,3,0,0,0,0,11,4.21,2019-02-19
10154,"Chang, Donovan  E",Homme,M,Single,36,30-39,White,No,US Citizen,MA,Production,Production Technician I,Webster Butler,LinkedIn,60380,5032,55-70k,2013-07-08,,6.48,6-8 ans,Active,N/A-StillEmployed,No,0,0,5,3.8,Fully Meets,3,0,0,0,0,4,1.53,2019-01-14
10200,"Chigurh, Anton",Homme,M,Single,50,50+,Black or African American,No,Eligible NonCitizen,TX,Sales,Area Sales Manager,Lynn Daneault,Employee Referral,66808,5567,55-70k,2012-05-14,,7.63,6-8 ans,Active,N/A-StillEmployed,No,0,0,5,3.0,Fully Meets,3,0,0,0,0,17,6.51,2019-01-19
10240,"Chivukula, Enola",Femme,F,Single,36,30-39,White,No,US Citizen,MA,Production,Production Technician I,Amy Dunn,Indeed,64786,5399,55-70k,2011-06-27,2015-11-15,4.39,3-5 ans,Voluntarily Terminated,relocation out of area,Yes,1,1,4,4.3,Fully Meets,3,0,0,0,0,3,1.15,2015-03-10
10168,"Cierpiszewski, Caroline",Femme,F,Single,32,30-39,Black or African American,No,Non-Citizen,MA,Production,Production Technician I,Ketsia Liebig,Indeed,64816,5401,55-70k,2011-10-03,,8.24,9+ ans,Active,N/A-StillEmployed,No,0,0,5,3.58,Fully Meets,3,0,0,0,0,3,1.15,2019-01-30
10220,"Clayton, Rick",Homme,M,Single,34,30-39,White,No,US Citizen,MA,IT/IS,IT Support,Eric Dougall,Indeed,68678,5723,55-70k,2012-09-05,,7.32,6-8 ans,Active,N/A-StillEmployed,No,0,0,3,4.7,Fully Meets,3,0,0,6,0,2,0.77,2019-02-27
10275,"Cloninger, Jennifer",Femme,F,Married,38,30-39,White,No,US Citizen,MA,Production,Production Technician II,Brannon Miller,Google Search,64066,5339,55-70k,2011-05-16,2013-01-07,1.65,0-2 ans,Voluntarily Terminated,unhappy,Yes,1,1,5,4.2,Fully Meets,3,0,0,0,0,9,3.45,2012-05-03
10269,"Close, Phil",Homme,M,Married,41,40-49,White,No,US Citizen,MA,Production,Production Technician II,David Stanley,Indeed,59369,4947,55-70k,2010-08-30,2011-09-26,1.07,0-2 ans,Voluntarily Terminated,career change,Yes,1,1,4,4.2,Fully Meets,3,0,0,0,0,6,2.3,2011-05-04
10029,"Clukey, Elijian",Homme,M,Married,39,30-39,White,No,US Citizen,MA,Production,Production Technician I,Brannon Miller,Employee Referral,50373,4198,<55k,2016-07-06,,3.49,3-5 ans,Active,N/A-StillEmployed,No,0,0,4,4.1,Exceeds,4,1,0,0,0,5,1.92,2019-02-28
10261,"Cockel, James",Homme,M,Single,42,40-49,White,No,US Citizen,MA,Production,Production Technician I,David Stanley,Employee Referral,63108,5259,55-70k,2013-07-08,,6.48,6-8 ans,Active,N/A-StillEmployed,No,0,0,5,4.4,Fully Meets,3,0,0,0,0,3,1.15,2019-01-14
10292,"Cole, Spencer",Homme,M,Single,40,40-49,Black or African American,No,US Citizen,MA,Production,Production Technician I,Kissy Sullivan,LinkedIn,59144,4929,55-70k,2011-07-11,2016-09-23,5.2,6-8 ans,Terminated for Cause,performance,Yes,1,0,3,2.0,Needs Improvement,2,0,1,0,5,16,6.13,2016-05-01
10282,"Corleone, Michael",Homme,M,Divorced,44,40-49,White,No,US Citizen,MA,Production,Production Manager,Janet King,CareerBuilder,68051,5671,55-70k,2010-07-20,,9.45,9+ ans,Active,N/A-StillEmployed,No,0,0,2,4.13,Needs Improvement,2,0,1,0,3,3,1.15,2019-01-14
10019,"Corleone, Vito",Homme,M,Single,37,30-39,Black or African American,No,US Citizen,MA,Production,Director of Operations,Janet King,Indeed,170500,14208,90k+,2009-01-05,,10.98,9+ ans,Active,N/A-StillEmployed,No,0,0,5,3.7,Exceeds,4,1,0,0,0,15,5.75,2019-02-04
10094,"Cornett, Lisa",Femme,F,Married,43,40-49,White,Yes,US Citizen,MA,Production,Production Technician I,Kelley Spirea,Indeed,63381,5282,55-70k,2015-01-05,,4.99,3-5 ans,Active,N/A-StillEmployed,No,0,0,5,4.73,Fully Meets,3,0,0,0,0,6,2.3,2019-02-14
10193,"Costello, Frank",Homme,M,Married,33,30-39,White,No,US Citizen,MA,IT/IS,Data Analyst,Simon Roup,Indeed,83552,6963,70-90k,2015-03-30,,4.76,3-5 ans,Active,N/A-StillEmployed,No,0,0,3,3.04,Fully Meets,3,0,0,6,0,2,0.77,2019-01-22
10132,"Crimmings,   Jean",Femme,F,Single,33,30-39,White,No,US Citizen,MA,Production,Production Technician I,Michael Albert,LinkedIn,56149,4679,55-70k,2016-07-06,,3.49,3-5 ans,Active,N/A-StillEmployed,No,0,0,5,4.12,Fully Meets,3,0,0,0,0,15,5.75,2019-01-28
10083,"Cross, Noah",Homme,M,Single,54,50+,White,No,US Citizen,CT,IT/IS,Sr. Network Engineer,Peter Monroe,Employee Referral,92329,7694,90k+,2014-11-10,,5.14,6-8 ans,Active,N/A-StillEmployed,No,0,0,3,5.0,Fully Meets,3,0,0,4,0,5,1.92,2019-01-02
10099,"Daneault, Lynn",Femme,F,Single,30,30-39,White,No,US Citizen,VT,Sales,Sales Manager,Debra Houlihan,Indeed,65729,5477,55-70k,2014-05-05,,5.66,6-8 ans,Active,N/A-StillEmployed,No,0,0,4,4.62,Fully Meets,3,0,0,0,0,8,3.07,2019-01-24
10212,"Daniele, Ann",Femme,F,Married,68,50+,White,No,US Citizen,CT,IT/IS,Sr. Network Engineer,Peter Monroe,LinkedIn,85028,7086,70-90k,2014-11-10,,5.14,6-8 ans,Active,N/A-StillEmployed,No,0,0,5,3.1,Fully Meets,3,0,0,8,0,19,7.28,2019-02-12
10056,"Darson, Jene'ya",Femme,F,Married,41,40-49,White,No,US Citizen,MA,Production,Production Technician I,Elijiah Gray,Indeed,57583,4799,55-70k,2012-07-02,,7.5,6-8 ans,Active,N/A-StillEmployed,No,0,0,3,5.0,Fully Meets,3,0,0,0,0,1,0.38,2019-02-25
10143,"Davis, Daniel",Homme,M,Single,40,40-49,Two or more races,No,Eligible NonCitizen,MA,Production,Production Technician II,Kissy Sullivan,LinkedIn,56294,4691,55-70k,2011-11-07,,8.15,9+ ans,Active,N/A-StillEmployed,No,0,0,4,3.96,Fully Meets,3,0,0,0,0,6,2.3,2019-02-27
10311,"Dee, Randy",Homme,M,Married,32,30-39,White,No,US Citizen,MA,Production,Production Technician I,Brannon Miller,Indeed,56991,4749,55-70k,2018-07-09,,1.48,0-2 ans,Active,N/A-StillEmployed,No,0,0,4,4.3,Fully Meets,1,0,0,3,2,2,0.77,2019-01-31
10070,"DeGweck,  James",Homme,M,Married,42,40-49,White,No,US Citizen,MA,Production,Production Technician I,Webster Butler,Indeed,55722,4644,55-70k,2011-05-16,2016-06-08,5.07,6-8 ans,Voluntarily Terminated,unhappy,Yes,1,1,4,5.0,Fully Meets,3,0,0,0,0,14,5.36,2016-04-02
10155,"Del Bosque, Keyla",Femme,F,Single,40,40-49,Black or African American,No,US Citizen,MA,Software Engineering,Software Engineer,Alex Sweetwater,CareerBuilder,101199,8433,90k+,2012-01-09,,7.98,6-8 ans,Active,N/A-StillEmployed,No,0,0,5,3.79,Fully Meets,3,0,0,5,0,8,3.07,2019-01-25
10306,"Delarge, Alex",Homme,M,Single,44,40-49,Two or more races,No,US Citizen,AL,Sales,Area Sales Manager,John Smith,Indeed,61568,5131,55-70k,2014-09-29,,5.25,6-8 ans,Active,N/A-StillEmployed,No,0,0,3,1.93,PIP,1,0,1,0,6,5,1.92,2019-01-30
10100,"Demita, Carla",Femme,F,Separated,69,50+,Black or African American,No,US Citizen,MA,Production,Production Technician II,Kelley Spirea,Google Search,58275,4856,55-70k,2011-04-04,2015-11-04,4.59,3-5 ans,Voluntarily Terminated,more money,Yes,1,1,5,4.62,Fully Meets,3,0,0,0,0,1,0.38,2015-05-06
10310,"Desimone, Carl",Homme,M,Married,53,50+,White,No,US Citizen,MA,Production,Production Technician I,Amy Dunn,Indeed,53189,4432,<55k,2014-07-07,,5.48,6-8 ans,Active,N/A-StillEmployed,No,0,0,2,1.12,PIP,1,0,1,0,4,9,3.45,2019-01-31
10197,"DeVito, Tommy",Homme,M,Single,36,30-39,White,No,US Citizen,MA,IT/IS,BI Developer,Brian Champaigne,Indeed,96820,8068,90k+,2017-02-15,,2.87,3-5 ans,Active,N/A-StillEmployed,No,0,0,5,3.01,Fully Meets,3,0,0,7,0,15,5.75,2019-01-23
10276,"Dickinson, Geoff",Homme,M,Single,37,30-39,White,No,US Citizen,MA,Production,Production Technician I,Ketsia Liebig,Indeed,51259,4272,<55k,2014-05-12,,5.64,6-8 ans,Active,N/A-StillEmployed,No,0,0,4,4.3,Fully Meets,3,0,0,0,0,1,0.38,2019-02-19
10304,"Dietrich, Jenna",Femme,F,Single,33,30-39,White,Yes,US Citizen,WA,Sales,Area Sales Manager,John Smith,Website,59231,4936,55-70k,2012-02-20,,7.86,6-8 ans,Active,N/A-StillEmployed,No,0,0,1,2.3,PIP,1,0,1,0,2,17,6.51,2019-01-29
10284,"DiNocco, Lily",Femme,F,Married,41,40-49,Black or African American,No,US Citizen,MA,Production,Production Technician I,Brannon Miller,Indeed,61584,5132,55-70k,2013-01-07,,6.98,6-8 ans,Active,N/A-StillEmployed,No,0,0,4,3.88,Needs Improvement,2,0,1,0,0,6,2.3,2019-01-18
10207,"Dobrin, Denisa  S",Femme,F,Single,33,30-39,White,Yes,US Citizen,MA,Production,Production Technician I,David Stanley,CareerBuilder,46335,3861,<55k,2012-04-02,,7.75,6-8 ans,Active,N/A-StillEmployed,No,0,0,5,3.4,Fully Meets,3,0,0,0,0,15,5.75,2019-02-19
10133,"Dolan, Linda",Femme,F,Married,31,30-39,White,No,US Citizen,MA,IT/IS,IT Support,Peter Monroe,Employee Referral,70621,5885,70-90k,2015-01-05,,4.99,3-5 ans,Active,N/A-StillEmployed,No,0,0,4,4.11,Fully Meets,3,0,0,6,0,16,6.13,2019-02-25
10028,"Dougall, Eric",Homme,M,Single,49,40-49,Black or African American,No,US Citizen,MA,IT/IS,IT Manager - Support,Jennifer Zamora,Indeed,138888,11574,90k+,2014-01-05,,5.98,6-8 ans,Active,N/A-StillEmployed,No,0,0,5,4.3,Exceeds,4,1,0,5,0,4,1.53,2019-01-04
10006,"Driver, Elle",Femme,F,Single,31,30-39,White,No,US Citizen,CA,Sales,Area Sales Manager,Lynn Daneault,Indeed,74241,6187,70-90k,2011-01-10,,8.97,9+ ans,Active,N/A-StillEmployed,No,0,0,5,4.77,Exceeds,4,1,0,0,0,14,5.36,2019-01-27
10105,"Dunn, Amy",Femme,F,Single,46,40-49,White,No,US Citizen,MA,Production,Production Manager,Janet King,Google Search,75188,6266,70-90k,2014-09-18,,5.28,6-8 ans,Active,N/A-StillEmployed,No,0,0,4,4.52,Fully Meets,3,0,0,0,0,4,1.53,2019-01-15
10211,"Dunne, Amy",Femme,F,Married,46,40-49,White,No,US Citizen,MA,Production,Production Technician I,Ketsia Liebig,Google Search,62514,5210,55-70k,2010-04-26,,9.68,9+ ans,Active,N/A-StillEmployed,No,0,0,3,2.9,Fully Meets,3,0,0,0,0,6,2.3,2019-01-21
10064,"Eaton, Marianne",Femme,F,Married,28,<30,White,No,US Citizen,MA,Production,Production Technician I,Kissy Sullivan,Google Search,60070,5006,55-70k,2011-04-04,2017-06-06,6.17,6-8 ans,Voluntarily Terminated,military,Yes,1,1,3,5.0,Fully Meets,3,0,0,0,0,7,2.68,2017-04-09
10247,"Engdahl, Jean",Homme,M,Single,46,40-49,White,No,US Citizen,MA,Production,Production Technician I,Kelley Spirea,LinkedIn,48888,4074,<55k,2014-11-10,,5.14,6-8 ans,Active,N/A-StillEmployed,No,0,0,5,4.7,Fully Meets,3,0,0,0,0,8,3.07,2019-02-13
10235,"England, Rex",Homme,M,Married,41,40-49,White,No,US Citizen,MA,Production,Production Technician I,Kelley Spirea,Employee Referral,54285,4524,<55k,2014-03-31,,5.75,6-8 ans,Active,N/A-StillEmployed,No,0,0,3,4.2,Fully Meets,3,0,0,0,0,3,1.15,2019-01-11
10299,"Erilus, Angela",Femme,F,Separated,30,30-39,White,No,US Citizen,MA,Production,Production Technician II,Michael Albert,Indeed,56847,4737,55-70k,2014-07-07,,5.48,6-8 ans,Active,N/A-StillEmployed,No,0,0,1,3.0,PIP,1,0,1,0,2,5,1.92,2019-02-25
10280,"Estremera, Miguel",Homme,M,Single,36,30-39,White,No,US Citizen,MA,Production,Production Technician I,Michael Albert,Google Search,60340,5028,55-70k,2012-04-02,2018-09-27,6.49,6-8 ans,Terminated for Cause,attendance,Yes,1,0,4,5.0,Needs Improvement,2,0,1,0,5,16,6.13,2018-04-12
10296,"Evensen, April",Femme,F,Single,31,30-39,White,No,US Citizen,MA,Production,Production Technician I,Elijiah Gray,Google Search,59124,4927,55-70k,2014-02-17,2018-02-25,4.02,3-5 ans,Terminated for Cause,"no-call, no-show",Yes,1,0,3,2.3,Needs Improvement,2,0,1,0,5,19,7.28,2017-01-15
10290,"Exantus, Susan",Femme,F,Married,33,30-39,Black or African American,No,US Citizen,MA,Software Engineering,Software Engineer,Alex Sweetwater,Indeed,99280,8273,90k+,2011-05-02,2013-06-05,2.09,3-5 ans,Terminated for Cause,attendance,Yes,1,0,5,2.1,Needs Improvement,2,0,1,4,4,19,7.28,2012-08-10
10263,"Faller, Megan",Femme,F,Married,41,40-49,Black or African American,No,US Citizen,MA,Production,Production Technician II,Elijiah Gray,LinkedIn,71776,5981,70-90k,2014-07-07,,5.48,6-8 ans,Active,N/A-StillEmployed,No,0,0,5,4.4,Fully Meets,3,0,0,0,0,17,6.51,2019-02-22
10136,"Fancett, Nicole",Femme,F,Single,32,30-39,Black or African American,No,US Citizen,MA,Production,Production Technician II,Webster Butler,LinkedIn,65902,5492,55-70k,2014-02-17,,5.87,6-8 ans,Active,N/A-StillEmployed,No,0,0,4,4.0,Fully Meets,3,0,0,0,0,7,2.68,2019-01-07
10189,"Ferguson, Susan",Femme,F,Married,65,50+,White,No,US Citizen,MA,Production,Production Technician I,Webster Butler,Google Search,57748,4812,55-70k,2011-11-07,2016-05-17,4.53,3-5 ans,Voluntarily Terminated,military,Yes,1,1,3,3.13,Fully Meets,3,0,0,0,0,16,6.13,2016-02-04
10308,"Fernandes, Nilson",Homme,M,Married,30,30-39,White,No,US Citizen,MA,Production,Production Technician I,Amy Dunn,Indeed,64057,5338,55-70k,2015-05-11,,4.64,3-5 ans,Active,N/A-StillEmployed,No,0,0,5,1.56,PIP,1,0,1,0,6,15,5.75,2019-01-03
10309,"Fett, Boba",Homme,M,Single,33,30-39,White,No,US Citizen,MA,IT/IS,Network Engineer,Peter Monroe,LinkedIn,53366,4447,<55k,2015-03-30,,4.76,3-5 ans,Active,N/A-StillEmployed,No,0,0,3,1.2,PIP,1,0,1,6,3,2,0.77,2019-02-04
10049,"Fidelia,  Libby",Femme,F,Married,39,30-39,White,No,US Citizen,MA,Production,Production Technician I,Brannon Miller,Google Search,58530,4878,55-70k,2012-01-09,,7.98,6-8 ans,Active,N/A-StillEmployed,No,0,0,5,5.0,Fully Meets,3,0,0,0,0,19,7.28,2019-01-29
10093,"Fitzpatrick, Michael  J",Homme,M,Single,38,30-39,White,Yes,US Citizen,MA,Production,Production Technician II,Amy Dunn,Google Search,72609,6051,70-90k,2011-05-16,2013-06-24,2.11,3-5 ans,Voluntarily Terminated,hours,Yes,1,1,5,4.76,Fully Meets,3,0,0,0,0,20,7.66,2013-04-05
10163,"Foreman, Tanya",Femme,F,Married,36,30-39,White,No,US Citizen,MA,Production,Production Technician II,Ketsia Liebig,Google Search,55965,4664,55-70k,2011-04-04,2013-01-09,1.77,0-2 ans,Voluntarily Terminated,career change,Yes,1,1,3,3.66,Fully Meets,3,0,0,0,0,6,2.3,2012-01-07
10305,"Forrest, Alex",Homme,M,Married,44,40-49,White,No,US Citizen,MA,Sales,Area Sales Manager,Lynn Daneault,Employee Referral,70187,5849,70-90k,2014-09-29,2018-08-19,3.89,3-5 ans,Terminated for Cause,Fatal attraction,Yes,1,0,5,2.0,PIP,3,0,1,0,4,7,2.68,2019-01-28
10015,"Foss, Jason",Homme,M,Single,39,30-39,Black or African American,No,US Citizen,MA,IT/IS,IT Director,Jennifer Zamora,Indeed,178000,14833,90k+,2011-04-15,,8.71,9+ ans,Active,N/A-StillEmployed,No,0,0,5,5.0,Exceeds,4,1,0,5,0,15,5.75,2019-01-07
10080,"Foster-Baker, Amy",Femme,F,Married,41,40-49,White,No,US Citizen,MA,Admin Offices,Sr. Accountant,Board of Directors,Other,99351,8279,90k+,2009-01-05,,10.98,9+ ans,Active,N/A-StillEmployed,No,0,0,3,5.0,Fully Meets,3,0,0,2,0,3,1.15,2019-02-08
10258,"Fraval, Maruk",Homme,M,Single,56,50+,Black or African American,No,US Citizen,CT,Sales,Area Sales Manager,Lynn Daneault,CareerBuilder,67251,5604,55-70k,2011-09-06,,8.32,9+ ans,Active,N/A-StillEmployed,No,0,0,3,4.3,Fully Meets,3,0,0,0,2,7,2.68,2019-01-27
10273,"Galia, Lisa",Femme,F,Single,51,50+,White,No,US Citizen,CT,IT/IS,IT Support,Eric Dougall,LinkedIn,65707,5476,55-70k,2010-05-01,,9.67,9+ ans,Active,N/A-StillEmployed,No,0,0,4,4.7,Fully Meets,3,0,0,5,0,1,0.38,2019-02-01
10111,"Garcia, Raul",Homme,M,Single,34,30-39,White,Yes,US Citizen,MA,Production,Production Technician I,David Stanley,Employee Referral,52249,4354,<55k,2015-03-30,,4.76,3-5 ans,Active,N/A-StillEmployed,No,0,0,3,4.5,Fully Meets,3,0,0,0,0,5,1.92,2019-02-18
10257,"Gaul, Barbara",Femme,F,Single,36,30-39,Black or African American,Yes,US Citizen,MA,Production,Production Technician I,Kelley Spirea,LinkedIn,53171,4431,<55k,2011-05-16,,8.63,9+ ans,Active,N/A-StillEmployed,No,0,0,4,4.2,Fully Meets,3,0,0,0,0,12,4.6,2019-02-26
10159,"Gentry, Mildred",Femme,F,Married,29,<30,Black or African American,No,US Citizen,MA,Production,Production Technician I,Michael Albert,LinkedIn,51337,4278,<55k,2015-03-30,,4.76,3-5 ans,Active,N/A-StillEmployed,No,0,0,3,3.73,Fully Meets,3,0,0,0,0,19,7.28,2019-01-16
10122,"Gerke, Melisa",Femme,F,Divorced,50,50+,Black or African American,No,US Citizen,MA,Production,Production Technician I,Elijiah Gray,Diversity Job Fair,51505,4292,<55k,2011-11-07,2016-11-15,5.02,6-8 ans,Voluntarily Terminated,hours,Yes,1,1,4,4.24,Fully Meets,3,0,0,0,0,2,0.77,2016-04-29
10142,"Gill, Whitney",Femme,F,Widowed,48,40-49,Black or African American,No,US Citizen,OH,Sales,Area Sales Manager,John Smith,CareerBuilder,59370,4948,55-70k,2014-07-07,2015-09-05,1.16,0-2 ans,Terminated for Cause,attendance,Yes,1,0,4,3.97,Fully Meets,3,0,0,0,0,7,2.68,2014-01-15
10283,"Gilles, Alex",Homme,M,Married,45,40-49,Black or African American,No,US Citizen,MA,Production,Production Technician I,Webster Butler,Diversity Job Fair,54933,4578,<55k,2012-04-02,2015-06-25,3.23,3-5 ans,Voluntarily Terminated,military,Yes,1,1,4,3.97,Needs Improvement,2,0,1,0,3,15,5.75,2015-01-20
10018,"Girifalco, Evelyn",Femme,F,Single,40,40-49,Two or more races,Yes,US Citizen,MA,Production,Production Technician I,Amy Dunn,Indeed,57815,4818,55-70k,2014-09-29,,5.25,6-8 ans,Active,N/A-StillEmployed,No,0,0,4,3.9,Exceeds,4,1,0,0,0,3,1.15,2019-02-07
10255,"Givens, Myriam",Femme,F,Single,30,30-39,White,No,US Citizen,IN,Sales,Area Sales Manager,Lynn Daneault,Indeed,61555,5130,55-70k,2015-02-16,,4.87,3-5 ans,Active,N/A-StillEmployed,No,0,0,5,4.5,Fully Meets,3,0,0,0,0,20,7.66,2019-01-25
10246,"Goble, Taisha",Femme,F,Single,48,40-49,White,No,US Citizen,MA,IT/IS,Database Administrator,Simon Roup,Indeed,114800,9567,90k+,2015-02-16,2015-03-15,0.07,0-2 ans,Terminated for Cause,"no-call, no-show",Yes,1,0,4,4.6,Fully Meets,3,0,0,4,0,10,3.83,2015-01-20
10228,"Goeth, Amon",Homme,M,Married,30,30-39,White,Yes,US Citizen,MA,IT/IS,IT Support,Peter Monroe,LinkedIn,74679,6223,70-90k,2015-03-30,,4.76,3-5 ans,Active,N/A-StillEmployed,No,0,0,5,4.3,Fully Meets,3,0,0,7,0,20,7.66,2019-01-10
10243,"Gold, Shenice",Femme,F,Single,28,<30,White,Yes,US Citizen,MA,Production,Production Technician I,Ketsia Liebig,Indeed,53018,4418,<55k,2013-11-11,,6.14,6-8 ans,Active,N/A-StillEmployed,No,0,0,5,4.3,Fully Meets,3,0,0,0,0,7,2.68,2019-02-18
10031,"Gonzalez, Cayo",Homme,M,Divorced,50,50+,Black or African American,No,US Citizen,MA,Production,Production Technician I,Brannon Miller,Diversity Job Fair,59892,4991,55-70k,2011-07-11,,8.47,9+ ans,Active,N/A-StillEmployed,No,0,0,4,4.5,Exceeds,4,1,0,0,0,1,0.38,2019-02-18
10300,"Gonzalez, Juan",Homme,M,Married,55,50+,Black or African American,No,US Citizen,MA,Production,Production Technician II,Brannon Miller,Diversity Job Fair,68898,5742,55-70k,2010-04-26,2011-05-30,1.09,0-2 ans,Voluntarily Terminated,career change,Yes,1,1,3,3.0,PIP,1,0,1,0,3,10,3.83,2011-03-06
10101,"Gonzalez, Maria",Femme,F,Separated,39,30-39,White,Yes,US Citizen,MA,IT/IS,IT Support,Peter Monroe,Employee Referral,61242,5104,55-70k,2015-01-05,,4.99,3-5 ans,Active,N/A-StillEmployed,No,0,0,4,4.61,Fully Meets,3,0,0,5,0,11,4.21,2019-01-28
10237,"Good, Susan",Femme,F,Married,34,30-39,White,No,US Citizen,MA,Production,Production Technician II,David Stanley,LinkedIn,66825,5569,55-70k,2014-05-12,,5.64,6-8 ans,Active,N/A-StillEmployed,No,0,0,3,4.6,Fully Meets,3,0,0,0,0,20,7.66,2019-02-07
10051,"Gordon, David",Homme,M,Married,41,40-49,White,No,US Citizen,MA,Production,Production Technician I,David Stanley,LinkedIn,48285,4024,<55k,2012-07-02,,7.5,6-8 ans,Active,N/A-StillEmployed,No,0,0,3,5.0,Fully Meets,3,0,0,0,0,2,0.77,2019-01-14
10218,"Gosciminski, Phylicia",Femme,F,Separated,36,30-39,American Indian or Alaska Native,No,US Citizen,MA,Production,Production Technician II,Kissy Sullivan,Google Search,66149,5512,55-70k,2013-09-30,,6.25,6-8 ans,Active,N/A-StillEmployed,No,0,0,5,4.4,Fully Meets,3,0,0,0,0,1,0.38,2019-02-21
10256,"Goyal, Roxana",Femme,F,Married,45,40-49,Asian,No,US Citizen,MA,Production,Production Technician I,Kissy Sullivan,LinkedIn,49256,4105,<55k,2013-08-19,,6.37,6-8 ans,Active,N/A-StillEmployed,No,0,0,5,4.1,Fully Meets,3,0,0,0,0,3,1.15,2019-02-15
10098,"Gray, Elijiah",Homme,M,Divorced,38,30-39,White,No,US Citizen,MA,Production,Production Manager,Janet King,Employee Referral,62957,5246,55-70k,2015-06-02,,4.58,3-5 ans,Active,N/A-StillEmployed,No,0,0,3,4.63,Fully Meets,3,0,0,0,0,2,0.77,2019-01-04
10059,"Gross, Paula",Femme,F,Divorced,37,30-39,White,No,US Citizen,MA,Production,Production Technician I,Kelley Spirea,CareerBuilder,63813,5318,55-70k,2011-02-21,2014-01-11,2.89,3-5 ans,Voluntarily Terminated,more money,Yes,1,1,5,5.0,Fully Meets,3,0,0,0,0,17,6.51,2013-06-03
10234,"Gruber, Hans",Homme,M,Married,31,30-39,Black or African American,No,US Citizen,MA,IT/IS,BI Developer,Brian Champaigne,Indeed,99020,8252,90k+,2017-04-20,,2.7,3-5 ans,Active,N/A-StillEmployed,No,0,0,5,4.2,Fully Meets,3,0,0,5,0,8,3.07,2019-01-28
10109,"Guilianno, Mike",Homme,M,Single,51,50+,Two or more races,No,US Citizen,TN,Sales,Area Sales Manager,John Smith,LinkedIn,71707,5976,70-90k,2012-03-07,2014-10-31,2.65,3-5 ans,Voluntarily Terminated,relocation out of area,Yes,1,1,5,4.5,Fully Meets,3,0,0,0,0,20,7.66,2013-02-01
10125,"Handschiegl, Joanne",Femme,F,Married,43,40-49,White,No,US Citizen,MA,Production,Production Technician I,Michael Albert,Google Search,54828,4569,<55k,2011-11-28,,8.09,9+ ans,Active,N/A-StillEmployed,No,0,0,4,4.2,Fully Meets,3,0,0,0,0,13,4.98,2019-02-22
10074,"Hankard, Earnest",Homme,M,Single,31,30-39,White,Yes,US Citizen,MA,Production,Production Technician II,Kelley Spirea,LinkedIn,64246,5354,55-70k,2013-11-11,,6.14,6-8 ans,Active,N/A-StillEmployed,No,0,0,3,5.0,Fully Meets,3,0,0,0,0,20,7.66,2019-01-08
10097,"Harrington, Christie",Femme,F,Single,67,50+,White,No,US Citizen,MA,Production,Production Technician I,Webster Butler,CareerBuilder,52177,4348,<55k,2012-01-09,2015-12-15,3.93,3-5 ans,Voluntarily Terminated,retiring,Yes,1,1,4,4.64,Fully Meets,3,0,0,0,0,8,3.07,2015-05-02
10007,"Harrison, Kara",Femme,F,Married,46,40-49,White,No,US Citizen,MA,Production,Production Technician I,Amy Dunn,CareerBuilder,62065,5172,55-70k,2014-05-12,,5.64,6-8 ans,Active,N/A-StillEmployed,No,0,0,4,4.76,Exceeds,4,1,0,0,0,5,1.92,2019-02-15
10129,"Heitzman, Anthony",Homme,M,Single,36,30-39,White,No,US Citizen,MA,Production,Production Technician I,Ketsia Liebig,Google Search,46998,3916,<55k,2012-08-13,,7.38,6-8 ans,Active,N/A-StillEmployed,No,0,0,4,4.17,Fully Meets,3,0,0,0,0,1,0.38,2019-02-11
10075,"Hendrickson, Trina",Femme,F,Single,47,40-49,White,No,US Citizen,MA,Production,Production Technician II,Kelley Spirea,CareerBuilder,68099,5675,55-70k,2011-01-10,2013-06-18,2.44,3-5 ans,Voluntarily Terminated,hours,Yes,1,1,3,5.0,Fully Meets,3,0,0,0,0,15,5.75,2013-01-30
10167,"Hitchcock, Alfred",Homme,M,Married,31,30-39,American Indian or Alaska Native,No,US Citizen,NH,Sales,Area Sales Manager,John Smith,Indeed,70545,5879,70-90k,2014-08-18,,5.37,6-8 ans,Active,N/A-StillEmployed,No,0,0,5,3.6,Fully Meets,3,0,0,0,0,9,3.45,2019-01-30
10195,"Homberger, Adrienne  J",Femme,F,Married,36,30-39,White,No,Non-Citizen,MA,Production,Production Technician II,Michael Albert,Indeed,63478,5290,55-70k,2011-08-15,2012-04-07,0.65,0-2 ans,Voluntarily Terminated,relocation out of area,Yes,1,1,5,3.03,Fully Meets,3,0,0,0,0,16,6.13,2012-03-05
10112,"Horton, Jayne",Femme,F,Single,36,30-39,White,No,US Citizen,MA,IT/IS,Database Administrator,Simon Roup,Indeed,97999,8167,90k+,2015-03-30,,4.76,3-5 ans,Active,N/A-StillEmployed,No,0,0,5,4.48,Fully Meets,3,0,0,6,0,4,1.53,2019-01-03
10272,"Houlihan, Debra",Femme,F,Married,54,50+,White,No,US Citizen,RI,Sales,Director of Sales,Janet King,LinkedIn,180000,15000,90k+,2014-05-05,,5.66,6-8 ans,Active,N/A-StillEmployed,No,0,0,4,4.5,Fully Meets,3,0,0,0,0,19,7.28,2019-01-21
10182,"Howard, Estelle",Femme,F,Married,34,30-39,Black or African American,No,US Citizen,MA,Admin Offices,Administrative Assistant,Brandon R. LeBlanc,Indeed,49920,4160,<55k,2015-02-16,2015-04-15,0.16,0-2 ans,Terminated for Cause,"no-call, no-show",Yes,1,0,3,3.24,Fully Meets,3,0,0,4,0,6,2.3,2015-04-15
10248,"Hudson, Jane",Femme,F,Single,34,30-39,White,No,US Citizen,MA,Production,Production Technician I,Ketsia Liebig,LinkedIn,55425,4619,55-70k,2012-02-20,,7.86,6-8 ans,Active,N/A-StillEmployed,No,0,0,4,4.8,Fully Meets,3,0,0,0,0,4,1.53,2019-01-07
10201,"Hunts, Julissa",Femme,F,Single,36,30-39,White,No,US Citizen,MA,Production,Production Technician II,Elijiah Gray,LinkedIn,69340,5778,55-70k,2016-06-06,,3.57,3-5 ans,Active,N/A-StillEmployed,No,0,0,5,3.0,Fully Meets,3,0,0,0,0,4,1.53,2019-01-18
10214,"Hutter, Rosalie",Femme,F,Separated,28,<30,White,No,US Citizen,MA,Production,Production Technician II,Webster Butler,Indeed,64995,5416,55-70k,2015-06-05,,4.57,3-5 ans,Active,N/A-StillEmployed,No,0,0,3,4.5,Fully Meets,3,0,0,0,0,6,2.3,2019-02-14
10160,"Huynh, Ming",Femme,F,Divorced,43,40-49,White,No,US Citizen,MA,Production,Production Technician II,Amy Dunn,Google Search,68182,5682,55-70k,2011-02-21,2013-04-01,2.11,3-5 ans,Voluntarily Terminated,unhappy,Yes,1,1,3,3.72,Fully Meets,3,0,0,0,0,18,6.9,2013-02-01
10289,"Immediato, Walter",Homme,M,Married,43,40-49,Asian,No,US Citizen,MA,Production,Production Manager,Janet King,Indeed,83082,6924,70-90k,2011-02-21,2012-09-24,1.59,0-2 ans,Voluntarily Terminated,unhappy,Yes,1,1,2,2.34,Needs Improvement,2,0,1,0,3,4,1.53,2012-04-12
10139,"Ivey, Rose",Femme,F,Single,29,<30,White,No,US Citizen,MA,Production,Production Technician I,Brannon Miller,Indeed,51908,4326,<55k,2013-08-19,,6.37,6-8 ans,Active,N/A-StillEmployed,No,0,0,3,3.99,Fully Meets,3,0,0,0,0,14,5.36,2019-01-14
10227,"Jackson, Maryellen",Femme,F,Single,47,40-49,Black or African American,No,US Citizen,MA,Production,Production Technician I,David Stanley,LinkedIn,61242,5104,55-70k,2012-11-05,,7.15,6-8 ans,Active,N/A-StillEmployed,No,0,0,3,4.1,Fully Meets,3,0,0,0,0,7,2.68,2019-01-17
10236,"Jacobi, Hannah",Femme,F,Divorced,54,50+,White,No,US Citizen,MA,Production,Production Technician I,Kissy Sullivan,Employee Referral,45069,3756,<55k,2013-09-30,,6.25,6-8 ans,Active,N/A-StillEmployed,No,0,0,5,4.3,Fully Meets,3,0,0,0,0,7,2.68,2019-02-22
10009,"Jeannite, Tayana",Femme,F,Divorced,33,30-39,American Indian or Alaska Native,No,US Citizen,MA,Production,Production Technician II,Ketsia Liebig,LinkedIn,60724,5060,55-70k,2011-07-05,,8.49,9+ ans,Active,N/A-StillEmployed,No,0,0,4,4.6,Exceeds,4,1,0,0,0,11,4.21,2019-02-25
10060,"Jhaveri, Sneha",Femme,F,Separated,56,50+,White,No,US Citizen,MA,Production,Production Technician I,Kelley Spirea,LinkedIn,60436,5036,55-70k,2014-01-06,,5.98,6-8 ans,Active,N/A-StillEmployed,No,0,0,5,5.0,Fully Meets,3,0,0,0,0,9,3.45,2019-01-21
10034,"Johnson, George",Homme,M,Married,60,50+,White,No,US Citizen,MA,Production,Production Technician I,Michael Albert,CareerBuilder,46837,3903,<55k,2011-11-07,2018-04-29,6.48,6-8 ans,Voluntarily Terminated,more money,Yes,1,1,4,4.7,Exceeds,4,1,0,0,0,9,3.45,2018-02-14
10156,"Johnson, Noelle",Femme,F,Married,33,30-39,Asian,No,US Citizen,MA,IT/IS,Database Administrator,Simon Roup,Indeed,105700,8808,90k+,2015-01-05,,4.99,3-5 ans,Active,N/A-StillEmployed,No,0,0,3,3.75,Fully Meets,3,0,0,5,0,2,0.77,2019-02-11
10036,"Johnston, Yen",Femme,F,Single,50,50+,White,No,US Citizen,MA,Production,Production Technician II,Brannon Miller,LinkedIn,63322,5277,55-70k,2014-07-07,,5.48,6-8 ans,Active,N/A-StillEmployed,No,0,0,3,4.3,Exceeds,4,1,0,0,0,1,0.38,2019-01-11
10138,"Jung, Judy",Femme,F,Married,34,30-39,Black or African American,No,US Citizen,MA,Production,Production Technician I,Elijiah Gray,CareerBuilder,61154,5096,55-70k,2011-01-10,2016-04-01,5.22,6-8 ans,Voluntarily Terminated,unhappy,Yes,1,1,4,4.0,Fully Meets,3,0,0,0,0,4,1.53,2016-02-03
10244,"Kampew, Donysha",Femme,F,Single,30,30-39,White,No,US Citizen,PA,Sales,Sales Manager,Debra Houlihan,Google Search,68999,5750,55-70k,2011-11-07,2014-04-24,2.46,3-5 ans,Voluntarily Terminated,maternity leave - did not return,Yes,1,1,5,4.5,Fully Meets,3,0,0,0,0,2,0.77,2013-03-30
10192,"Keatts, Kramer",Homme,M,Single,44,40-49,White,No,US Citizen,MA,Production,Production Technician I,Michael Albert,Indeed,50482,4207,<55k,2013-09-30,,6.25,6-8 ans,Active,N/A-StillEmployed,No,0,0,4,3.07,Fully Meets,3,0,0,0,0,10,3.83,2019-01-23
10231,"Khemmich, Bartholemew",Homme,M,Single,40,40-49,White,No,US Citizen,CO,Sales,Area Sales Manager,Lynn Daneault,Indeed,65310,5442,55-70k,2013-08-19,,6.37,6-8 ans,Active,N/A-StillEmployed,No,0,0,5,4.3,Fully Meets,3,0,0,0,0,13,4.98,2019-01-22
10089,"King, Janet",Femme,F,Married,65,50+,White,Yes,US Citizen,MA,Executive Office,President & CEO,Board of Directors,Indeed,250000,20833,90k+,2012-07-02,,7.5,6-8 ans,Active,N/A-StillEmployed,No,0,0,3,4.83,Fully Meets,3,0,0,0,0,10,3.83,2019-01-17
10166,"Kinsella, Kathleen",Femme,F,Married,46,40-49,White,No,US Citizen,MA,Production,Production Technician I,Webster Butler,Google Search,54005,4500,<55k,2011-09-26,2015-06-04,3.69,3-5 ans,Voluntarily Terminated,more money,Yes,1,1,5,3.6,Fully Meets,3,0,0,0,0,16,6.13,2015-03-01
10170,"Kirill, Alexandra",Femme,F,Married,49,40-49,White,No,US Citizen,MA,Production,Production Technician I,Amy Dunn,Google Search,45433,3786,<55k,2011-09-26,2014-01-09,2.29,3-5 ans,Voluntarily Terminated,more money,Yes,1,1,4,3.49,Fully Meets,3,0,0,0,0,6,2.3,2013-01-30
10208,"Knapp, Bradley  J",Homme,M,Single,42,40-49,Black or African American,No,US Citizen,MA,Production,Production Technician I,Ketsia Liebig,LinkedIn,46654,3888,<55k,2014-02-17,,5.87,6-8 ans,Active,N/A-StillEmployed,No,0,0,3,3.1,Fully Meets,3,0,0,0,0,3,1.15,2019-02-06
10176,"Kretschmer, John",Homme,M,Married,40,40-49,Asian,No,US Citizen,MA,Production,Production Technician I,Brannon Miller,Indeed,63973,5331,55-70k,2011-01-10,,8.97,9+ ans,Active,N/A-StillEmployed,No,0,0,3,3.38,Fully Meets,3,0,0,0,0,17,6.51,2019-01-21
10165,"Kreuger, Freddy",Homme,M,Single,51,50+,Black or African American,Yes,US Citizen,NY,Sales,Area Sales Manager,John Smith,Diversity Job Fair,71339,5945,70-90k,2011-03-07,,8.82,9+ ans,Active,N/A-StillEmployed,No,0,0,5,3.65,Fully Meets,3,0,0,0,0,20,7.66,2019-01-17
10113,"Lajiri,  Jyoti",Homme,M,Married,34,30-39,White,No,US Citizen,MA,IT/IS,Sr. Network Engineer,Peter Monroe,Employee Referral,93206,7767,90k+,2014-11-10,,5.14,6-8 ans,Active,N/A-StillEmployed,No,0,0,5,4.46,Fully Meets,3,0,0,6,0,7,2.68,2019-01-07
10092,"Landa, Hans",Homme,M,Married,47,40-49,White,No,US Citizen,MA,Production,Production Manager,Janet King,Employee Referral,82758,6896,70-90k,2011-01-10,2015-12-12,4.92,3-5 ans,Terminated for Cause,attendance,Yes,1,0,4,4.78,Fully Meets,3,0,0,0,0,9,3.45,2015-02-15
10106,"Langford, Lindsey",Femme,F,Divorced,40,40-49,Asian,No,US Citizen,MA,Production,Production Technician II,David Stanley,Indeed,66074,5506,55-70k,2013-01-07,2014-03-31,1.23,0-2 ans,Voluntarily Terminated,Another position,Yes,1,1,3,4.52,Fully Meets,3,0,0,0,0,20,7.66,2014-02-20
10052,"Langton, Enrico",Homme,M,Married,33,30-39,White,No,US Citizen,MA,Production,Production Technician I,David Stanley,LinkedIn,46120,3843,<55k,2012-07-09,,7.48,6-8 ans,Active,N/A-StillEmployed,No,0,0,5,5.0,Fully Meets,3,0,0,0,0,13,4.98,2019-02-04
10038,"LaRotonda, William",Homme,M,Divorced,36,30-39,Black or African American,No,US Citizen,MA,Admin Offices,Accountant I,Brandon R. LeBlanc,Website,64520,5377,55-70k,2014-01-06,,5.98,6-8 ans,Active,N/A-StillEmployed,No,0,0,4,5.0,Fully Meets,3,0,0,4,0,3,1.15,2019-01-17
10249,"Latif, Mohammed",Homme,M,Married,36,30-39,White,No,US Citizen,MA,Production,Production Technician II,Kissy Sullivan,Google Search,61962,5164,55-70k,2012-04-02,2013-04-15,1.03,0-2 ans,Voluntarily Terminated,more money,Yes,1,1,3,4.9,Fully Meets,3,0,0,0,0,20,7.66,2013-02-20
10232,"Le, Binh",Femme,F,Single,33,30-39,Asian,No,US Citizen,MA,IT/IS,Senior BI Developer,Brian Champaigne,Indeed,81584,6799,70-90k,2016-10-02,,3.24,3-5 ans,Active,N/A-StillEmployed,No,0,0,5,4.1,Fully Meets,3,0,0,7,0,2,0.77,2019-01-08
10087,"Leach, Dallas",Femme,F,Single,41,40-49,Asian,No,US Citizen,MA,Production,Production Technician I,Kissy Sullivan,CareerBuilder,63676,5306,55-70k,2011-09-26,2018-08-19,6.9,6-8 ans,Voluntarily Terminated,return to school,Yes,1,1,3,4.88,Fully Meets,3,0,0,0,0,17,6.51,2017-07-02
10134,"LeBlanc, Brandon  R",Homme,M,Married,36,30-39,White,No,US Citizen,MA,Admin Offices,Shared Services Manager,Janet King,CareerBuilder,93046,7754,90k+,2016-01-05,,3.99,3-5 ans,Active,N/A-StillEmployed,No,0,0,4,4.1,Fully Meets,3,0,0,0,0,20,7.66,2019-01-28
10251,"Lecter, Hannibal",Homme,M,Married,37,30-39,Asian,No,US Citizen,MA,Production,Production Technician I,Elijiah Gray,Google Search,64738,5395,55-70k,2012-05-14,,7.63,6-8 ans,Active,N/A-StillEmployed,No,0,0,3,4.1,Fully Meets,3,0,0,0,0,10,3.83,2019-02-22
10103,"Leruth, Giovanni",Homme,M,Separated,31,30-39,Black or African American,No,US Citizen,UT,Sales,Area Sales Manager,John Smith,Website,70468,5872,70-90k,2012-04-30,,7.67,6-8 ans,Active,N/A-StillEmployed,No,0,0,3,4.53,Fully Meets,3,0,0,0,0,16,6.13,2019-01-29
10017,"Liebig, Ketsia",Femme,F,Married,38,30-39,White,No,US Citizen,MA,Production,Production Manager,Janet King,Website,77915,6493,70-90k,2013-09-30,,6.25,6-8 ans,Active,N/A-StillEmployed,No,0,0,3,4.1,Exceeds,4,1,0,0,0,11,4.21,2019-01-21
10186,"Linares, Marilyn",Femme,F,Married,39,30-39,White,No,US Citizen,MA,Production,Production Technician I,Michael Albert,Indeed,52624,4385,<55k,2011-07-05,2018-09-26,7.23,6-8 ans,Voluntarily Terminated,unhappy,Yes,1,1,4,3.18,Fully Meets,3,0,0,0,0,16,6.13,2018-03-02
10137,"Linden, Mathew",Homme,M,Married,41,40-49,White,No,US Citizen,MA,Production,Production Technician II,Kelley Spirea,LinkedIn,63450,5288,55-70k,2013-07-08,,6.48,6-8 ans,Active,N/A-StillEmployed,No,0,0,3,4.0,Fully Meets,3,0,0,0,0,7,2.68,2019-02-18
10008,"Lindsay, Leonara",Femme,F,Single,31,30-39,Black or African American,Yes,US Citizen,CT,IT/IS,IT Support,Eric Dougall,Diversity Job Fair,51777,4315,<55k,2011-01-21,,8.94,9+ ans,Active,N/A-StillEmployed,No,0,0,4,4.64,Exceeds,4,1,0,5,0,14,5.36,2019-01-25
10096,"Lundy, Susan",Femme,F,Widowed,43,40-49,White,No,US Citizen,MA,Production,Production Technician II,Michael Albert,LinkedIn,67237,5603,55-70k,2013-07-08,2016-09-15,3.19,3-5 ans,Voluntarily Terminated,more money,Yes,1,1,4,4.65,Fully Meets,3,0,0,0,0,15,5.75,2016-06-10
10035,"Lunquist, Lisa",Femme,F,Single,38,30-39,Black or African American,No,US Citizen,MA,Production,Production Technician II,Elijiah Gray,Indeed,73330,6111,70-90k,2013-08-19,,6.37,6-8 ans,Active,N/A-StillEmployed,No,0,0,4,4.2,Exceeds,4,1,0,0,0,19,7.28,2019-02-12
10057,"Lydon, Allison",Femme,F,Married,44,40-49,Black or African American,No,US Citizen,MA,Production,Production Technician I,Elijiah Gray,Website,52057,4338,<55k,2015-02-16,,4.87,3-5 ans,Active,N/A-StillEmployed,No,0,0,3,5.0,Fully Meets,3,0,0,0,0,6,2.3,2019-01-23
10004,"Lynch, Lindsay",Femme,F,Single,47,40-49,Black or African American,Yes,US Citizen,MA,Production,Production Technician I,Webster Butler,Diversity Job Fair,47434,3953,<55k,2011-11-07,2015-11-14,4.02,3-5 ans,Voluntarily Terminated,Another position,Yes,1,1,4,5.0,Exceeds,4,1,0,0,0,17,6.51,2015-02-02
10191,"MacLennan, Samuel",Homme,M,Widowed,47,40-49,White,No,US Citizen,MA,Production,Production Technician I,Amy Dunn,Indeed,52788,4399,<55k,2012-09-24,2017-09-26,5.0,3-5 ans,Voluntarily Terminated,hours,Yes,1,1,4,3.08,Fully Meets,3,0,0,0,0,18,6.9,2017-04-01
10219,"Mahoney, Lauren",Femme,F,Single,33,30-39,White,No,US Citizen,MA,Production,Production Technician I,Ketsia Liebig,LinkedIn,45395,3783,<55k,2014-01-06,,5.98,6-8 ans,Active,N/A-StillEmployed,No,0,0,4,4.6,Fully Meets,3,0,0,0,0,14,5.36,2019-02-26
10077,"Manchester, Robyn",Femme,F,Married,43,40-49,White,No,US Citizen,MA,Production,Production Technician II,Webster Butler,LinkedIn,62385,5199,55-70k,2016-05-11,,3.64,3-5 ans,Active,N/A-StillEmployed,No,0,0,3,5.0,Fully Meets,3,0,0,0,0,4,1.53,2019-01-21
10073,"Mancuso, Karen",Femme,F,Married,33,30-39,Two or more races,No,US Citizen,MA,Production,Production Technician II,Amy Dunn,LinkedIn,68407,5701,55-70k,2011-07-05,2012-08-19,1.13,0-2 ans,Voluntarily Terminated,Another position,Yes,1,1,4,5.0,Fully Meets,3,0,0,0,0,16,6.13,2012-07-02
10279,"Mangal, Debbie",Femme,F,Married,45,40-49,White,No,US Citizen,MA,Production,Production Technician I,Brannon Miller,LinkedIn,61349,5112,55-70k,2013-11-11,,6.14,6-8 ans,Active,N/A-StillEmployed,No,0,0,3,4.1,Fully Meets,3,0,0,0,0,11,4.21,2019-01-22
10110,"Martin, Sandra",Femme,F,Single,32,30-39,Asian,No,US Citizen,MA,Software Engineering,Software Engineer,Alex Sweetwater,Google Search,105688,8807,90k+,2013-11-11,,6.14,6-8 ans,Active,N/A-StillEmployed,No,0,0,5,4.5,Fully Meets,3,0,0,4,0,14,5.36,2019-01-14
10053,"Maurice, Shana",Femme,F,Married,42,40-49,White,No,US Citizen,MA,Production,Production Technician I,David Stanley,Indeed,54132,4511,<55k,2011-05-31,,8.59,9+ ans,Active,N/A-StillEmployed,No,0,0,4,5.0,Fully Meets,3,0,0,0,0,8,3.07,2019-01-10
10076,"Carthy, B'rigit",Femme,F,Single,33,30-39,Black or African American,No,US Citizen,MA,Production,Production Technician II,Ketsia Liebig,LinkedIn,55315,4610,55-70k,2015-03-30,,4.76,3-5 ans,Active,N/A-StillEmployed,No,0,0,5,5.0,Fully Meets,3,0,0,0,0,16,6.13,2019-02-07
10145,"Mckenna, Sandy",Femme,F,Married,33,30-39,Black or African American,No,US Citizen,MA,Production,Production Technician I,Kissy Sullivan,CareerBuilder,62810,5234,55-70k,2013-01-07,,6.98,6-8 ans,Active,N/A-StillEmployed,No,0,0,3,3.93,Fully Meets,3,0,0,0,0,20,7.66,2019-01-30
10202,"McKinzie, Jac",Homme,M,Married,35,30-39,Two or more races,No,US Citizen,TX,Sales,Area Sales Manager,Lynn Daneault,Website,63291,5274,55-70k,2016-07-06,,3.49,3-5 ans,Active,N/A-StillEmployed,No,0,0,4,3.4,Fully Meets,3,0,0,0,0,7,2.68,2019-01-29
10128,"Meads, Elizabeth",Femme,F,Single,52,50+,Black or African American,No,US Citizen,MA,Production,Production Technician I,Kelley Spirea,Diversity Job Fair,62659,5222,55-70k,2012-04-02,2016-11-11,4.61,3-5 ans,Voluntarily Terminated,Another position,Yes,1,1,4,4.18,Fully Meets,3,0,0,0,0,17,6.51,2016-02-05
10068,"Medeiros, Jennifer",Femme,F,Single,43,40-49,White,No,US Citizen,MA,Production,Production Technician I,Michael Albert,CareerBuilder,55688,4641,55-70k,2015-03-30,,4.76,3-5 ans,Active,N/A-StillEmployed,No,0,0,4,5.0,Fully Meets,3,0,0,0,0,10,3.83,2019-01-21
10116,"Miller, Brannon",Homme,M,Single,38,30-39,Hispanic,Yes,US Citizen,MA,Production,Production Manager,Janet King,Indeed,83667,6972,70-90k,2012-08-16,,7.37,6-8 ans,Active,N/A-StillEmployed,No,0,0,3,4.37,Fully Meets,3,0,0,0,0,2,0.77,2019-01-14
10298,"Miller, Ned",Homme,M,Single,35,30-39,White,No,US Citizen,MA,Production,Production Technician II,Brannon Miller,LinkedIn,55800,4650,55-70k,2011-08-15,2014-09-04,3.06,3-5 ans,Voluntarily Terminated,unhappy,Yes,1,1,2,3.0,PIP,1,0,1,0,6,6,2.3,2013-01-14
10213,"Monkfish, Erasumus",Homme,M,Married,27,<30,White,No,US Citizen,MA,Production,Production Technician II,David Stanley,LinkedIn,58207,4851,55-70k,2011-11-07,,8.15,9+ ans,Active,N/A-StillEmployed,No,0,0,3,3.7,Fully Meets,3,0,0,0,0,14,5.36,2019-01-08
10288,"Monroe, Peter",Homme,M,Married,33,30-39,Black or African American,Yes,Eligible NonCitizen,MA,IT/IS,IT Manager - Infra,Jennifer Zamora,Diversity Job Fair,157000,13083,90k+,2012-02-15,,7.87,6-8 ans,Active,N/A-StillEmployed,No,0,0,3,2.39,Needs Improvement,2,0,1,6,4,13,4.98,2019-02-22
10025,"Monterro, Luisa",Femme,F,Single,50,50+,Black or African American,No,US Citizen,MA,Production,Production Technician II,Kissy Sullivan,Indeed,72460,6038,70-90k,2013-05-13,,6.63,6-8 ans,Active,N/A-StillEmployed,No,0,0,3,4.7,Exceeds,4,1,0,0,0,1,0.38,2019-01-14
10223,"Moran, Patrick",Homme,M,Single,43,40-49,Black or African American,No,US Citizen,MA,Production,Production Technician II,Kelley Spirea,Diversity Job Fair,72106,6009,70-90k,2012-01-09,,7.98,6-8 ans,Active,N/A-StillEmployed,No,0,0,4,4.1,Fully Meets,3,0,0,0,0,12,4.6,2019-01-31
10151,"Morway, Tanya",Femme,F,Married,41,40-49,White,No,US Citizen,MA,IT/IS,Network Engineer,Peter Monroe,CareerBuilder,52599,4383,<55k,2015-02-16,,4.87,3-5 ans,Active,N/A-StillEmployed,No,0,0,3,3.81,Fully Meets,3,0,0,6,0,6,2.3,2019-02-11
10254,"Motlagh,  Dawn",Femme,F,Divorced,35,30-39,White,No,US Citizen,MA,Production,Production Technician I,Elijiah Gray,LinkedIn,63430,5286,55-70k,2013-04-01,,6.75,6-8 ans,Active,N/A-StillEmployed,No,0,0,4,4.4,Fully Meets,3,0,0,0,0,18,6.9,2019-01-17
10120,"Moumanil, Maliki",Homme,M,Separated,45,40-49,Black or African American,No,US Citizen,MA,Production,Production Technician II,Michael Albert,LinkedIn,74417,6201,70-90k,2013-05-13,,6.63,6-8 ans,Active,N/A-StillEmployed,No,0,0,5,4.29,Fully Meets,3,0,0,0,0,11,4.21,2019-01-28
10216,"Myers, Michael",Homme,M,Single,40,40-49,Asian,No,US Citizen,MA,Production,Production Technician I,Kissy Sullivan,LinkedIn,57575,4798,55-70k,2013-07-08,,6.48,6-8 ans,Active,N/A-StillEmployed,No,0,0,4,4.1,Fully Meets,3,0,0,0,0,13,4.98,2019-01-22
10079,"Navathe, Kurt",Homme,M,Single,50,50+,Asian,No,US Citizen,MA,IT/IS,Senior BI Developer,Brian Champaigne,Indeed,87921,7327,70-90k,2017-02-10,,2.89,3-5 ans,Active,N/A-StillEmployed,No,0,0,3,5.0,Fully Meets,3,0,0,6,0,17,6.51,2019-02-25
10215,"Ndzi, Colombui",Homme,M,Single,31,30-39,Black or African American,No,US Citizen,MA,Production,Production Technician I,Webster Butler,Diversity Job Fair,50470,4206,<55k,2011-09-26,2014-04-04,2.52,3-5 ans,Voluntarily Terminated,return to school,Yes,1,1,3,4.3,Fully Meets,3,0,0,0,0,19,7.28,2013-03-02
10185,"Ndzi, Horia",Homme,M,Married,37,30-39,White,No,US Citizen,MA,Production,Production Technician I,Amy Dunn,Employee Referral,46664,3889,<55k,2013-04-01,2016-05-25,3.15,3-5 ans,Voluntarily Terminated,more money,Yes,1,1,3,3.18,Fully Meets,3,0,0,0,0,10,3.83,2016-03-06
10063,"Newman, Richard",Homme,M,Married,43,40-49,White,No,US Citizen,MA,Production,Production Technician I,Ketsia Liebig,LinkedIn,48495,4041,<55k,2014-05-12,,5.64,6-8 ans,Active,N/A-StillEmployed,No,0,0,5,5.0,Fully Meets,3,0,0,0,0,11,4.21,2019-02-18
10037,"Ngodup, Shari",Femme,F,Separated,53,50+,Black or African American,No,US Citizen,MA,Production,Production Technician I,Brannon Miller,Diversity Job Fair,52984,4415,<55k,2013-04-01,,6.75,6-8 ans,Active,N/A-StillEmployed,No,0,0,3,4.0,Exceeds,4,1,0,0,0,12,4.6,2019-02-13
10042,"Nguyen, Dheepa",Femme,F,Single,31,30-39,Two or more races,No,US Citizen,GA,Sales,Area Sales Manager,Lynn Daneault,Indeed,63695,5308,55-70k,2013-07-08,,6.48,6-8 ans,Active,N/A-StillEmployed,No,0,0,5,5.0,Fully Meets,3,0,0,0,0,2,0.77,2019-01-25
10206,"Nguyen, Lei-Ming",Femme,F,Single,35,30-39,White,No,US Citizen,MA,Production,Production Technician I,David Stanley,LinkedIn,62061,5172,55-70k,2013-07-08,,6.48,6-8 ans,Active,N/A-StillEmployed,No,0,0,5,3.6,Fully Meets,3,0,0,0,0,4,1.53,2019-01-02
10104,"Nowlan, Kristie",Femme,F,Single,34,30-39,White,No,US Citizen,MA,Production,Production Technician II,Elijiah Gray,Indeed,66738,5562,55-70k,2014-11-10,,5.14,6-8 ans,Active,N/A-StillEmployed,No,0,0,5,4.53,Fully Meets,3,0,0,0,0,5,1.92,2019-01-16
10303,"O'hare, Lynn",Femme,F,Single,39,30-39,Two or more races,No,US Citizen,MA,Production,Production Technician I,Kissy Sullivan,LinkedIn,52674,4390,<55k,2014-03-31,2018-05-01,4.08,3-5 ans,Terminated for Cause,performance,Yes,1,0,2,2.33,PIP,1,0,1,0,6,3,1.15,2018-03-09
10078,"Oliver, Brooke",Femme,F,Married,68,50+,Asian,No,US Citizen,MA,Production,Production Technician II,Webster Butler,LinkedIn,71966,5997,70-90k,2012-05-14,2013-08-19,1.26,0-2 ans,Voluntarily Terminated,unhappy,Yes,1,1,3,5.0,Fully Meets,3,0,0,0,0,17,6.51,2013-07-02
10121,"Onque, Jasmine",Femme,F,Single,30,30-39,White,Yes,US Citizen,FL,Sales,Area Sales Manager,Lynn Daneault,Indeed,63051,5254,55-70k,2013-09-30,,6.25,6-8 ans,Active,N/A-StillEmployed,No,0,0,3,4.28,Fully Meets,3,0,0,0,0,1,0.38,2019-01-25
10021,"Osturnka, Adeel",Homme,M,Married,43,40-49,White,No,US Citizen,MA,Production,Production Technician I,Kelley Spirea,LinkedIn,47414,3951,<55k,2013-09-30,,6.25,6-8 ans,Active,N/A-StillEmployed,No,0,0,3,5.0,Exceeds,4,1,0,0,0,13,4.98,2019-02-07
10281,"Owad, Clinton",Homme,M,Single,40,40-49,Black or African American,No,US Citizen,MA,Production,Production Technician I,Michael Albert,LinkedIn,53060,4422,<55k,2014-02-17,,5.87,6-8 ans,Active,N/A-StillEmployed,No,0,0,3,4.25,Needs Improvement,2,0,1,0,4,6,2.3,2019-02-04
10041,"Ozark, Travis",Homme,M,Single,38,30-39,White,No,US Citizen,NC,Sales,Area Sales Manager,John Smith,Website,68829,5736,55-70k,2015-01-05,,4.99,3-5 ans,Active,N/A-StillEmployed,No,0,0,5,5.0,Fully Meets,3,0,0,0,0,18,6.9,2019-01-14
10148,"Panjwani, Nina",Femme,F,Married,41,40-49,White,No,US Citizen,MA,Production,Production Technician I,Elijiah Gray,Google Search,63515,5293,55-70k,2011-02-07,2014-01-12,2.93,3-5 ans,Voluntarily Terminated,Another position,Yes,1,1,4,3.89,Fully Meets,3,0,0,0,0,7,2.68,2013-03-04
10005,"Patronick, Lucas",Homme,M,Single,41,40-49,Black or African American,No,US Citizen,MA,Software Engineering,Software Engineer,Alex Sweetwater,Diversity Job Fair,108987,9082,90k+,2011-11-07,2015-09-07,3.83,3-5 ans,Voluntarily Terminated,Another position,Yes,1,1,5,5.0,Exceeds,4,1,0,3,0,13,4.98,2015-08-16
10259,"Pearson, Randall",Homme,M,Married,35,30-39,White,No,US Citizen,MA,IT/IS,Data Analyst,Simon Roup,Employee Referral,93093,7758,90k+,2014-12-01,2016-05-01,1.42,0-2 ans,Voluntarily Terminated,performance,Yes,1,1,4,4.7,Fully Meets,3,0,0,5,0,19,7.28,2016-01-16
10286,"Smith, Martin",Homme,M,Single,32,30-39,Black or African American,No,US Citizen,MA,Production,Production Technician I,Webster Butler,Google Search,53564,4464,<55k,2011-01-10,2017-12-28,6.97,6-8 ans,Voluntarily Terminated,career change,Yes,1,1,5,3.54,Needs Improvement,2,0,1,0,4,15,5.75,2017-04-06
10297,"Pelletier, Ermine",Femme,F,Married,30,30-39,Asian,No,US Citizen,MA,Production,Production Technician II,Amy Dunn,CareerBuilder,60270,5022,55-70k,2011-07-05,2015-09-15,4.2,3-5 ans,Voluntarily Terminated,unhappy,Yes,1,1,5,2.4,Needs Improvement,2,0,1,0,5,2,0.77,2015-02-06
10171,"Perry, Shakira",Femme,F,Single,33,30-39,White,No,US Citizen,MA,Production,Production Technician I,Amy Dunn,LinkedIn,45998,3833,<55k,2011-05-16,2015-10-25,4.44,3-5 ans,Voluntarily Terminated,medical issues,Yes,1,1,4,3.45,Fully Meets,3,0,0,0,0,5,1.92,2014-05-13
10032,"Peters, Lauren",Femme,F,Married,33,30-39,White,No,US Citizen,MA,Production,Production Technician II,Ketsia Liebig,Indeed,57954,4830,55-70k,2011-05-16,2013-02-04,1.72,0-2 ans,Voluntarily Terminated,more money,Yes,1,1,5,4.2,Exceeds,4,1,0,0,0,12,4.6,2013-01-10
10130,"Peterson, Ebonee",Femme,F,Married,43,40-49,White,No,US Citizen,MA,Production,Production Manager,Janet King,Indeed,74669,6222,70-90k,2010-10-25,2016-05-18,5.56,6-8 ans,Voluntarily Terminated,Another position,Yes,1,1,5,4.16,Fully Meets,3,0,0,0,0,6,2.3,2015-03-05
10217,"Petingill, Shana",Femme,F,Married,41,40-49,Asian,No,Eligible NonCitizen,MA,Production,Production Technician II,Brannon Miller,LinkedIn,74226,6186,70-90k,2012-04-02,,7.75,6-8 ans,Active,N/A-StillEmployed,No,0,0,3,4.3,Fully Meets,3,0,0,0,0,14,5.36,2019-01-14
10016,"Petrowsky, Thelma",Femme,F,Married,35,30-39,Black or African American,No,US Citizen,MA,IT/IS,Data Analyst,Simon Roup,Employee Referral,93554,7796,90k+,2014-11-10,,5.14,6-8 ans,Active,N/A-StillEmployed,No,0,0,5,4.6,Exceeds,4,1,0,7,0,16,6.13,2019-01-04
10050,"Pham, Hong",Homme,M,Married,32,30-39,Asian,No,US Citizen,MA,Production,Production Technician I,Brannon Miller,Google Search,64724,5394,55-70k,2011-07-05,2012-11-30,1.41,0-2 ans,Voluntarily Terminated,more money,Yes,1,1,3,5.0,Fully Meets,3,0,0,0,0,13,4.98,2012-02-20
10164,"Pitt, Brad",Homme,M,Single,38,30-39,White,No,US Citizen,MA,Production,Production Technician I,David Stanley,Google Search,47001,3917,<55k,2007-11-05,,12.15,9+ ans,Active,N/A-StillEmployed,No,0,0,3,3.66,Fully Meets,3,0,0,0,0,15,5.75,2019-02-25
10124,"Potts, Xana",Femme,F,Married,31,30-39,Black or African American,No,US Citizen,KY,Sales,Area Sales Manager,Lynn Daneault,Website,61844,5154,55-70k,2012-01-09,,7.98,6-8 ans,Active,N/A-StillEmployed,No,0,0,5,4.2,Fully Meets,3,0,0,0,0,9,3.45,2019-02-01
10187,"Power, Morissa",Femme,F,Divorced,35,30-39,Asian,No,Eligible NonCitizen,MA,Production,Production Technician I,Kissy Sullivan,Google Search,46799,3900,<55k,2011-05-16,2018-06-04,7.05,6-8 ans,Voluntarily Terminated,Another position,Yes,1,1,4,3.17,Fully Meets,3,0,0,0,0,14,5.36,2018-04-02
10225,"Punjabhi, Louis",Homme,M,Single,59,50+,White,No,US Citizen,MA,Production,Production Technician I,Kelley Spirea,Employee Referral,59472,4956,55-70k,2014-01-06,,5.98,6-8 ans,Active,N/A-StillEmployed,No,0,0,3,4.8,Fully Meets,3,0,0,0,0,14,5.36,2019-01-07
10262,"Purinton, Janine",Femme,F,Divorced,49,40-49,White,No,US Citizen,MA,Production,Production Technician I,Kissy Sullivan,Indeed,46430,3869,<55k,2012-09-24,2013-06-18,0.73,0-2 ans,Voluntarily Terminated,unhappy,Yes,1,1,5,4.5,Fully Meets,3,0,0,0,0,16,6.13,2013-04-02
10131,"Quinn, Sean",Homme,M,Married,35,30-39,Black or African American,No,Eligible NonCitizen,MA,Software Engineering,Software Engineer,Janet King,Diversity Job Fair,83363,6947,70-90k,2011-02-21,2015-08-15,4.48,3-5 ans,Voluntarily Terminated,career change,Yes,1,1,4,4.15,Fully Meets,3,0,0,0,0,4,1.53,2014-04-19
10239,"Rachael, Maggie",Femme,F,Married,40,40-49,Black or African American,No,US Citizen,MA,IT/IS,BI Developer,Brian Champaigne,Indeed,95920,7993,90k+,2016-10-02,,3.24,3-5 ans,Active,N/A-StillEmployed,No,0,0,4,4.4,Fully Meets,3,0,0,6,0,10,3.83,2019-02-06
10152,"Rarrick, Quinn",Homme,M,Divorced,35,30-39,White,No,US Citizen,MA,Production,Production Technician I,Michael Albert,Indeed,61729,5144,55-70k,2011-09-26,2018-04-07,6.53,6-8 ans,Voluntarily Terminated,more money,Yes,1,1,5,3.8,Fully Meets,3,0,0,0,0,19,7.28,2018-02-04
10140,"Ren, Kylo",Homme,M,Married,65,50+,White,No,US Citizen,ID,Sales,Area Sales Manager,John Smith,CareerBuilder,61809,5151,55-70k,2014-05-12,,5.64,6-8 ans,Active,N/A-StillEmployed,No,0,0,3,3.98,Fully Meets,3,0,0,0,0,4,1.53,2019-01-28
10058,"Rhoads, Thomas",Homme,M,Divorced,37,30-39,White,Yes,US Citizen,MA,Production,Production Technician I,Elijiah Gray,LinkedIn,45115,3760,<55k,2011-05-16,2016-01-15,4.67,3-5 ans,Voluntarily Terminated,retiring,Yes,1,1,4,5.0,Fully Meets,3,0,0,0,0,11,4.21,2015-03-30
10011,"Rivera, Haley",Femme,F,Married,47,40-49,Asian,No,US Citizen,MA,Production,Production Technician I,Webster Butler,Google Search,46738,3895,<55k,2011-11-28,,8.09,9+ ans,Active,N/A-StillEmployed,No,0,0,5,4.36,Exceeds,4,1,0,0,0,16,6.13,2019-02-11
10230,"Roberson, May",Femme,F,Divorced,38,30-39,Black or African American,No,Eligible NonCitizen,MA,Production,Production Technician II,David Stanley,Google Search,64971,5414,55-70k,2011-09-26,2011-10-22,0.07,0-2 ans,Voluntarily Terminated,return to school,Yes,1,1,4,4.5,Fully Meets,3,0,0,0,0,10,3.83,2011-10-22
10224,"Robertson, Peter",Homme,M,Married,47,40-49,White,No,US Citizen,MA,Production,Production Technician II,Kissy Sullivan,Indeed,55578,4632,55-70k,2011-07-05,2012-02-08,0.6,0-2 ans,Voluntarily Terminated,Another position,Yes,1,1,5,4.2,Fully Meets,3,0,0,0,0,13,4.98,2012-01-06
10047,"Robinson, Alain",Homme,M,Married,46,40-49,Black or African American,No,US Citizen,MA,Production,Production Technician I,Amy Dunn,Indeed,50428,4202,<55k,2011-01-10,2016-01-26,5.04,6-8 ans,Voluntarily Terminated,attendance,Yes,1,1,3,5.0,Fully Meets,3,0,0,0,0,11,4.21,2015-01-10
10285,"Robinson, Cherly",Femme,F,Married,35,30-39,White,No,US Citizen,MA,Production,Production Technician I,Ketsia Liebig,Indeed,61422,5118,55-70k,2011-01-10,2016-05-17,5.35,6-8 ans,Terminated for Cause,attendance,Yes,1,0,3,3.6,Needs Improvement,2,0,1,0,4,16,6.13,2016-04-05
10020,"Robinson, Elias",Homme,M,Widowed,35,30-39,White,No,US Citizen,MA,Production,Production Technician I,Brannon Miller,Employee Referral,63353,5279,55-70k,2013-07-08,,6.48,6-8 ans,Active,N/A-StillEmployed,No,0,0,5,3.6,Exceeds,4,1,0,0,0,4,1.53,2019-02-11
10162,"Roby, Lori",Femme,F,Married,38,30-39,White,No,US Citizen,MA,IT/IS,Data Analyst,Simon Roup,Employee Referral,89883,7490,70-90k,2015-02-16,,4.87,3-5 ans,Active,N/A-StillEmployed,No,0,0,5,3.69,Fully Meets,3,0,0,6,0,15,5.75,2019-02-14
10149,"Roehrich, Bianca",Femme,F,Single,47,40-49,White,Yes,US Citizen,MA,IT/IS,Principal Data Architect,Simon Roup,LinkedIn,120000,10000,90k+,2015-01-05,2018-11-10,3.85,3-5 ans,Voluntarily Terminated,Another position,Yes,1,1,3,3.88,Fully Meets,3,0,0,7,0,12,4.6,2018-02-13
10086,"Roper, Katie",Femme,F,Single,47,40-49,Black or African American,No,US Citizen,MA,IT/IS,Data Architect,Brian Champaigne,Indeed,150290,12524,90k+,2017-01-07,,2.98,3-5 ans,Active,N/A-StillEmployed,No,0,0,3,4.94,Fully Meets,3,0,0,5,0,17,6.51,2019-02-06
10054,"Rose, Ashley",Femme,F,Separated,45,40-49,White,No,US Citizen,MA,Production,Production Technician I,David Stanley,Website,60627,5052,55-70k,2014-01-06,,5.98,6-8 ans,Active,N/A-StillEmployed,No,0,0,4,5.0,Fully Meets,3,0,0,0,0,8,3.07,2019-01-31
10065,"Rossetti, Bruno",Homme,M,Single,33,30-39,White,No,US Citizen,MA,Production,Production Technician I,Kissy Sullivan,Google Search,53180,4432,<55k,2011-04-04,2018-08-13,7.36,6-8 ans,Voluntarily Terminated,Another position,Yes,1,1,5,5.0,Fully Meets,3,0,0,0,0,4,1.53,2018-07-02
10198,"Roup,Simon",Homme,M,Single,47,40-49,White,No,US Citizen,MA,IT/IS,IT Manager - DB,Jennifer Zamora,Indeed,140920,11743,90k+,2013-01-20,,6.94,6-8 ans,Active,N/A-StillEmployed,No,0,0,5,3.6,Fully Meets,3,0,0,7,0,13,4.98,2019-02-18
10222,"Ruiz, Ricardo",Homme,M,Divorced,56,50+,Black or African American,No,US Citizen,MA,IT/IS,IT Manager - DB,Jennifer Zamora,Diversity Job Fair,148999,12417,90k+,2012-01-09,2015-11-04,3.82,3-5 ans,Voluntarily Terminated,hours,Yes,1,1,4,4.3,Fully Meets,3,0,0,6,0,8,3.07,2015-01-04
10126,"Saada, Adell",Femme,F,Married,33,30-39,White,No,US Citizen,MA,Software Engineering,Software Engineer,Alex Sweetwater,Indeed,86214,7184,70-90k,2012-11-05,,7.15,6-8 ans,Active,N/A-StillEmployed,No,0,0,3,4.2,Fully Meets,3,0,0,6,0,2,0.77,2019-02-13
10295,"Saar-Beckles, Melinda",Femme,F,Single,52,50+,Black or African American,No,US Citizen,MA,Production,Production Technician I,Kelley Spirea,Diversity Job Fair,47750,3979,<55k,2016-07-04,,3.49,3-5 ans,Active,N/A-StillEmployed,No,0,0,4,2.6,Needs Improvement,2,0,1,0,5,4,1.53,2019-02-18
10260,"Sadki, Nore",Homme,M,Single,45,40-49,White,No,US Citizen,MA,Production,Production Technician I,Michael Albert,Google Search,46428,3869,<55k,2009-01-05,2018-07-30,9.56,9+ ans,Voluntarily Terminated,relocation out of area,Yes,1,1,5,4.6,Fully Meets,3,0,0,0,0,7,2.68,2018-02-05
10233,"Sahoo, Adil",Homme,M,Married,34,30-39,White,No,US Citizen,MA,Production,Production Technician II,Kelley Spirea,CareerBuilder,57975,4831,55-70k,2010-08-30,,9.34,9+ ans,Active,N/A-StillEmployed,No,0,0,3,4.1,Fully Meets,3,0,0,0,0,13,4.98,2019-01-10
10229,"Salter, Jason",Homme,M,Divorced,32,30-39,Black or African American,No,US Citizen,MA,IT/IS,Data Analyst,Simon Roup,LinkedIn,88527,7377,70-90k,2015-01-05,2015-10-31,0.82,0-2 ans,Voluntarily Terminated,hours,Yes,1,1,3,4.2,Fully Meets,3,0,0,5,0,2,0.77,2015-04-20
10169,"Sander, Kamrin",Femme,F,Married,31,30-39,Black or African American,No,US Citizen,MA,Production,Production Technician I,Elijiah Gray,LinkedIn,56147,4679,55-70k,2014-09-29,,5.25,6-8 ans,Active,N/A-StillEmployed,No,0,0,3,3.51,Fully Meets,3,0,0,0,0,2,0.77,2019-02-18
10071,"Sewkumar, Nori",Femme,F,Single,45,40-49,Asian,No,US Citizen,MA,Production,Production Technician I,Webster Butler,Google Search,50923,4244,<55k,2013-09-30,,6.25,6-8 ans,Active,N/A-StillEmployed,No,0,0,5,5.0,Fully Meets,3,0,0,0,0,14,5.36,2019-02-06
10179,"Shepard, Anita",Femme,F,Married,39,30-39,White,No,US Citizen,MA,IT/IS,Network Engineer,Peter Monroe,LinkedIn,50750,4229,<55k,2014-09-30,,5.25,6-8 ans,Active,N/A-StillEmployed,No,0,0,3,3.31,Fully Meets,3,0,0,6,0,7,2.68,2019-01-07
10091,"Shields, Seffi",Femme,F,Married,34,30-39,White,No,US Citizen,MA,Production,Production Technician I,Amy Dunn,LinkedIn,52087,4341,<55k,2013-08-19,,6.37,6-8 ans,Active,N/A-StillEmployed,No,0,0,4,4.81,Fully Meets,3,0,0,0,0,15,5.75,2019-02-15
10178,"Simard, Kramer",Homme,M,Married,50,50+,White,Yes,US Citizen,MA,IT/IS,Data Analyst,Simon Roup,Employee Referral,87826,7319,70-90k,2015-01-05,,4.99,3-5 ans,Active,N/A-StillEmployed,No,0,0,3,3.32,Fully Meets,3,0,0,7,0,16,6.13,2019-01-14
10039,"Singh, Nan",Femme,F,Single,32,30-39,White,No,US Citizen,MA,Admin Offices,Administrative Assistant,Brandon R. LeBlanc,Website,51920,4327,<55k,2015-05-01,,4.67,3-5 ans,Active,N/A-StillEmployed,No,0,0,3,5.0,Fully Meets,3,0,0,5,0,2,0.77,2019-01-15
10095,"Sloan, Constance",Femme,F,Single,32,30-39,White,No,US Citizen,MA,Production,Production Technician II,Michael Albert,CareerBuilder,63878,5323,55-70k,2009-10-26,2015-04-08,5.45,6-8 ans,Voluntarily Terminated,maternity leave - did not return,Yes,1,1,4,4.68,Fully Meets,3,0,0,0,0,20,7.66,2015-04-02
10027,"Smith, Joe",Homme,M,Single,56,50+,White,No,US Citizen,MA,Production,Production Technician II,Elijiah Gray,Indeed,60656,5055,55-70k,2014-09-29,,5.25,6-8 ans,Active,N/A-StillEmployed,No,0,0,3,4.3,Exceeds,4,1,0,0,0,4,1.53,2019-01-28
10291,"Smith, John",Homme,M,Divorced,35,30-39,Black or African American,No,US Citizen,MA,Sales,Sales Manager,Debra Houlihan,Diversity Job Fair,72992,6083,70-90k,2014-05-18,,5.62,6-8 ans,Active,N/A-StillEmployed,No,0,0,4,2.4,Needs Improvement,2,0,1,0,2,16,6.13,2019-01-16
10153,"Smith, Leigh Ann",Femme,F,Married,33,30-39,Black or African American,No,US Citizen,MA,Admin Offices,Administrative Assistant,Brandon R. LeBlanc,Diversity Job Fair,55000,4583,<55k,2011-09-26,2013-09-25,2.0,0-2 ans,Voluntarily Terminated,career change,Yes,1,1,4,3.8,Fully Meets,3,0,0,4,0,17,6.51,2013-08-15
10157,"Smith, Sade",Femme,F,Single,55,50+,White,No,US Citizen,MA,Production,Production Technician I,Ketsia Liebig,Employee Referral,58939,4912,55-70k,2013-11-11,,6.14,6-8 ans,Active,N/A-StillEmployed,No,0,0,3,3.73,Fully Meets,3,0,0,0,0,16,6.13,2019-01-24
10119,"Soto, Julia",Femme,F,Married,47,40-49,Black or African American,No,US Citizen,MA,IT/IS,IT Support,Eric Dougall,LinkedIn,66593,5549,55-70k,2011-06-10,,8.56,9+ ans,Active,N/A-StillEmployed,No,0,0,3,4.3,Fully Meets,3,0,0,5,0,19,7.28,2019-02-08
10180,"Soze, Keyser",Homme,M,Married,37,30-39,Asian,No,US Citizen,MA,IT/IS,Sr. Network Engineer,Peter Monroe,LinkedIn,87565,7297,70-90k,2016-06-30,,3.5,3-5 ans,Active,N/A-StillEmployed,No,0,0,4,3.27,Fully Meets,3,0,0,5,0,13,4.98,2019-01-14
10302,"Sparks, Taylor",Femme,F,Married,51,50+,White,No,US Citizen,MA,Production,Production Technician I,Brannon Miller,Indeed,64021,5335,55-70k,2012-02-20,,7.86,6-8 ans,Active,N/A-StillEmployed,No,0,0,2,2.4,PIP,1,0,1,1,6,20,7.66,2019-02-25
10090,"Spirea, Kelley",Femme,F,Married,44,40-49,White,No,US Citizen,MA,Production,Production Manager,Janet King,LinkedIn,65714,5476,55-70k,2012-10-02,,7.24,6-8 ans,Active,N/A-StillEmployed,No,0,0,5,4.83,Fully Meets,3,0,0,0,0,15,5.75,2019-02-14
10030,"Squatrito, Kristen",Femme,F,Divorced,47,40-49,White,No,US Citizen,MA,Production,Production Technician I,David Stanley,LinkedIn,62425,5202,55-70k,2013-05-13,2015-06-29,2.13,3-5 ans,Voluntarily Terminated,unhappy,Yes,1,1,4,4.1,Exceeds,4,1,0,0,0,16,6.13,2015-03-02
10278,"Stanford,Barbara  M",Femme,F,Divorced,37,30-39,Two or more races,No,US Citizen,MA,Production,Production Technician I,Kissy Sullivan,Google Search,47961,3997,<55k,2011-01-10,,8.97,9+ ans,Active,N/A-StillEmployed,No,0,0,4,4.1,Fully Meets,3,0,0,0,0,9,3.45,2019-02-07
10307,"Stansfield, Norman",Homme,M,Married,46,40-49,White,No,US Citizen,NV,Sales,Area Sales Manager,Lynn Daneault,Website,58273,4856,55-70k,2014-05-12,,5.64,6-8 ans,Active,N/A-StillEmployed,No,0,0,2,1.81,PIP,1,0,1,0,3,5,1.92,2019-01-17
10147,"Steans, Tyrone",Homme,M,Single,33,30-39,White,No,US Citizen,MA,Admin Offices,Accountant I,Brandon R. LeBlanc,Indeed,63003,5250,55-70k,2014-09-29,,5.25,6-8 ans,Active,N/A-StillEmployed,No,0,0,5,3.9,Fully Meets,3,0,0,5,0,9,3.45,2019-01-18
10266,"Stoica, Rick",Homme,M,Married,35,30-39,Asian,No,US Citizen,MA,Production,Production Technician I,Kelley Spirea,LinkedIn,61355,5113,55-70k,2014-02-17,,5.87,6-8 ans,Active,N/A-StillEmployed,No,0,0,3,4.7,Fully Meets,3,0,0,0,0,4,1.53,2019-01-11
10241,"Strong, Caitrin",Femme,F,Married,31,30-39,Black or African American,No,US Citizen,MT,Sales,Area Sales Manager,John Smith,Indeed,60120,5010,55-70k,2010-09-27,,9.26,9+ ans,Active,N/A-StillEmployed,No,0,0,4,4.1,Fully Meets,3,0,0,0,0,18,6.9,2019-01-31
10158,"Sullivan, Kissy",Femme,F,Married,42,40-49,Black or African American,No,US Citizen,MA,Production,Production Manager,Janet King,Indeed,63682,5307,55-70k,2009-01-08,,10.98,9+ ans,Active,N/A-StillEmployed,No,0,0,4,3.73,Fully Meets,3,0,0,0,0,12,4.6,2019-01-24
10117,"Sullivan, Timothy",Homme,M,Married,37,30-39,White,Yes,US Citizen,MA,Production,Production Technician I,Michael Albert,Google Search,63025,5252,55-70k,2015-01-05,,4.99,3-5 ans,Active,N/A-StillEmployed,No,0,0,5,4.36,Fully Meets,3,0,0,0,0,10,3.83,2019-01-24
10209,"Sutwell, Barbara",Femme,F,Single,51,50+,Asian,No,Eligible NonCitizen,MA,Production,Production Technician I,Elijiah Gray,Indeed,59238,4936,55-70k,2012-05-14,,7.63,6-8 ans,Active,N/A-StillEmployed,No,0,0,5,3.4,Fully Meets,3,0,0,0,0,13,4.98,2019-01-31
10024,"Szabo, Andrew",Homme,M,Single,37,30-39,White,No,US Citizen,MA,Software Engineering,Software Engineer,Alex Sweetwater,LinkedIn,92989,7749,90k+,2014-07-07,,5.48,6-8 ans,Active,N/A-StillEmployed,No,0,0,5,4.5,Exceeds,4,1,0,5,0,1,0.38,2019-02-18
10173,"Tannen, Biff",Homme,M,Married,32,30-39,White,No,US Citizen,MA,IT/IS,BI Developer,Brian Champaigne,Indeed,90100,7508,90k+,2017-04-20,,2.7,3-5 ans,Active,N/A-StillEmployed,No,0,0,3,3.4,Fully Meets,3,0,0,6,0,14,5.36,2019-01-02
10221,"Tavares, Desiree",Femme,F,Married,45,40-49,Black or African American,No,Non-Citizen,MA,Production,Production Technician I,Webster Butler,Diversity Job Fair,60754,5063,55-70k,2009-04-27,2013-04-01,3.93,3-5 ans,Voluntarily Terminated,Another position,Yes,1,1,5,4.5,Fully Meets,3,0,0,0,0,11,4.21,2012-02-15
10146,"Tejeda, Lenora",Femme,F,Married,67,50+,White,No,US Citizen,MA,Production,Production Technician II,Elijiah Gray,Google Search,72202,6017,70-90k,2011-05-16,2017-07-08,6.15,6-8 ans,Voluntarily Terminated,Another position,Yes,1,1,3,3.93,Fully Meets,3,0,0,0,0,3,1.15,2017-04-18
10161,"Terry, Sharlene",Femme,F,Single,55,50+,Black or African American,No,US Citizen,OR,Sales,Area Sales Manager,Lynn Daneault,Indeed,58370,4864,55-70k,2014-09-29,,5.25,6-8 ans,Active,N/A-StillEmployed,No,0,0,3,3.69,Fully Meets,3,0,0,0,0,18,6.9,2019-01-28
10141,"Theamstern, Sophia",Femme,F,Single,55,50+,White,No,US Citizen,MA,Production,Production Technician I,Amy Dunn,Indeed,48413,4034,<55k,2011-07-05,2016-09-05,5.17,6-8 ans,Voluntarily Terminated,return to school,Yes,1,1,4,3.98,Fully Meets,3,0,0,0,0,1,0.38,2016-03-02
10268,"Thibaud, Kenneth",Homme,M,Widowed,44,40-49,White,No,US Citizen,MA,Production,Production Technician II,Webster Butler,Other,67176,5598,55-70k,2007-06-25,2010-08-30,3.18,3-5 ans,Voluntarily Terminated,military,Yes,1,1,4,4.1,Fully Meets,3,0,0,0,0,15,5.75,2010-07-14
10123,"Tippett, Jeanette",Femme,F,Divorced,53,50+,Black or African American,No,US Citizen,MA,Production,Production Technician I,Brannon Miller,Indeed,56339,4695,55-70k,2013-02-18,,6.86,6-8 ans,Active,N/A-StillEmployed,No,0,0,5,4.21,Fully Meets,3,0,0,0,0,4,1.53,2019-01-14
10013,"Torrence, Jack",Homme,M,Separated,52,50+,White,No,US Citizen,ND,Sales,Area Sales Manager,Lynn Daneault,Indeed,64397,5366,55-70k,2006-01-09,,13.97,9+ ans,Active,N/A-StillEmployed,No,0,0,3,4.1,Exceeds,4,1,0,0,0,6,2.3,2019-01-04
10287,"Trang, Mei",Femme,F,Single,37,30-39,White,No,US Citizen,MA,Production,Production Technician I,David Stanley,LinkedIn,63025,5252,55-70k,2014-02-17,,5.87,6-8 ans,Active,N/A-StillEmployed,No,0,0,5,2.44,Needs Improvement,2,0,1,0,4,18,6.9,2019-02-11
10044,"Tredinnick, Neville",Homme,M,Married,32,30-39,White,No,US Citizen,MA,IT/IS,Network Engineer,Peter Monroe,CareerBuilder,75281,6273,70-90k,2015-01-05,2016-02-12,1.1,0-2 ans,Voluntarily Terminated,medical issues,Yes,1,1,3,5.0,Fully Meets,3,0,0,5,0,11,4.21,2015-04-15
10102,"True, Edward",Homme,M,Single,37,30-39,Black or African American,No,Non-Citizen,MA,Software Engineering,Software Engineer,Alex Sweetwater,Diversity Job Fair,100416,8368,90k+,2013-02-18,2018-04-15,5.15,6-8 ans,Voluntarily Terminated,medical issues,Yes,1,1,3,4.6,Fully Meets,3,0,0,4,0,9,3.45,2017-02-12
10270,"Trzeciak, Cybil",Femme,F,Single,35,30-39,White,No,US Citizen,MA,Production,Production Technician II,Amy Dunn,LinkedIn,74813,6234,70-90k,2011-01-10,2014-07-02,3.47,3-5 ans,Voluntarily Terminated,unhappy,Yes,1,1,3,4.4,Fully Meets,3,0,0,0,0,5,1.92,2014-01-05
10045,"Turpin, Jumil",Homme,M,Married,51,50+,White,No,Eligible NonCitizen,MA,IT/IS,Network Engineer,Peter Monroe,Employee Referral,76029,6336,70-90k,2015-03-30,,4.76,3-5 ans,Active,N/A-StillEmployed,No,0,0,4,5.0,Fully Meets,3,0,0,7,0,8,3.07,2019-01-14
10205,"Valentin,Jackie",Femme,F,Married,29,<30,Two or more races,No,US Citizen,AZ,Sales,Area Sales Manager,John Smith,Indeed,57859,4822,55-70k,2011-07-05,,8.49,9+ ans,Active,N/A-StillEmployed,No,0,0,3,2.81,Fully Meets,3,0,0,0,0,16,6.13,2019-01-17
10014,"Veera, Abdellah",Homme,M,Divorced,33,30-39,White,No,US Citizen,MA,Production,Production Technician I,Kissy Sullivan,LinkedIn,58523,4877,55-70k,2012-08-13,2016-02-05,3.48,3-5 ans,Voluntarily Terminated,maternity leave - did not return,Yes,1,1,5,4.5,Exceeds,4,1,0,0,0,15,5.75,2016-02-01
10144,"Vega, Vincent",Homme,M,Divorced,51,50+,White,No,US Citizen,MA,Production,Production Manager,Janet King,Employee Referral,88976,7415,70-90k,2011-08-01,,8.42,9+ ans,Active,N/A-StillEmployed,No,0,0,3,3.93,Fully Meets,3,0,0,0,0,19,7.28,2019-02-27
10253,"Villanueva, Noah",Homme,M,Single,30,30-39,Asian,No,US Citizen,ME,Sales,Area Sales Manager,John Smith,Website,55875,4656,55-70k,2012-03-05,,7.82,6-8 ans,Active,N/A-StillEmployed,No,0,0,4,4.5,Fully Meets,3,0,0,0,0,11,4.21,2019-01-18
10118,"Voldemort, Lord",Homme,M,Married,33,30-39,Black or African American,No,US Citizen,MA,IT/IS,Database Administrator,Simon Roup,Employee Referral,113999,9500,90k+,2015-02-16,2017-02-22,2.02,3-5 ans,Terminated for Cause,"no-call, no-show",Yes,1,0,3,4.33,Fully Meets,3,0,0,7,0,9,3.45,2017-02-15
10022,"Volk, Colleen",Femme,F,Married,34,30-39,White,No,US Citizen,MA,Production,Production Technician I,Kelley Spirea,Google Search,49773,4148,<55k,2011-09-26,2016-02-08,4.37,3-5 ans,Terminated for Cause,gross misconduct,Yes,1,0,5,4.3,Exceeds,4,1,0,0,0,18,6.9,2015-02-01
10183,"Von Massenbach, Anna",Femme,F,Single,35,30-39,White,No,US Citizen,MA,Production,Production Technician I,Michael Albert,LinkedIn,62068,5172,55-70k,2015-07-05,,4.49,3-5 ans,Active,N/A-StillEmployed,No,0,0,3,3.21,Fully Meets,3,0,0,0,0,7,2.68,2019-01-29
10190,"Walker, Roger",Homme,M,Single,44,40-49,Black or African American,No,US Citizen,MA,Production,Production Technician II,Ketsia Liebig,Employee Referral,66541,5545,55-70k,2014-08-18,,5.37,6-8 ans,Active,N/A-StillEmployed,No,0,0,5,3.11,Fully Meets,3,0,0,0,0,4,1.53,2019-02-12
10274,"Wallace, Courtney  E",Femme,F,Married,64,50+,Black or African American,No,US Citizen,MA,Production,Production Manager,Janet King,Diversity Job Fair,80512,6709,70-90k,2011-09-26,2012-01-02,0.27,0-2 ans,Voluntarily Terminated,Another position,Yes,1,1,3,4.5,Fully Meets,3,0,0,0,0,5,1.92,2012-01-02
10293,"Wallace, Theresa",Femme,F,Single,39,30-39,White,No,US Citizen,MA,Production,Production Technician I,Elijiah Gray,CareerBuilder,50274,4190,<55k,2012-08-13,2015-09-01,3.05,3-5 ans,Voluntarily Terminated,career change,Yes,1,1,3,2.5,Needs Improvement,2,0,1,0,6,13,4.98,2014-09-05
10172,"Wang, Charlie",Homme,M,Single,38,30-39,Asian,No,US Citizen,MA,IT/IS,Senior BI Developer,Brian Champaigne,Indeed,84903,7075,70-90k,2017-02-15,,2.87,3-5 ans,Active,N/A-StillEmployed,No,0,0,4,3.42,Fully Meets,3,0,0,7,0,17,6.51,2019-01-04
10127,"Warfield, Sarah",Femme,F,Widowed,42,40-49,Asian,No,US Citizen,MA,IT/IS,Sr. Network Engineer,Peter Monroe,Employee Referral,107226,8936,90k+,2015-03-30,,4.76,3-5 ans,Active,N/A-StillEmployed,No,0,0,4,4.2,Fully Meets,3,0,0,8,0,7,2.68,2019-02-05
10072,"Whittier, Scott",Homme,M,Single,33,30-39,White,Yes,US Citizen,MA,Production,Production Technician I,Webster Butler,LinkedIn,58371,4864,55-70k,2011-01-10,2014-05-15,3.34,3-5 ans,Voluntarily Terminated,hours,Yes,1,1,5,5.0,Fully Meets,3,0,0,0,0,11,4.21,2014-05-15
10048,"Wilber, Barry",Homme,M,Married,54,50+,White,No,Eligible NonCitizen,MA,Production,Production Technician I,Amy Dunn,Website,55140,4595,55-70k,2011-05-16,2015-09-07,4.31,3-5 ans,Voluntarily Terminated,unhappy,Yes,1,1,3,5.0,Fully Meets,3,0,0,0,0,7,2.68,2015-02-15
10204,"Wilkes, Annie",Femme,F,Divorced,36,30-39,White,No,US Citizen,MA,Production,Production Technician I,Ketsia Liebig,Google Search,58062,4838,55-70k,2011-01-10,2012-05-14,1.34,0-2 ans,Voluntarily Terminated,Another position,Yes,1,1,5,3.6,Fully Meets,3,0,0,0,0,9,3.45,2011-02-06
10264,"Williams, Jacquelyn",Femme,F,Single,50,50+,Black or African American,Yes,US Citizen,MA,Production,Production Technician I,Ketsia Liebig,Diversity Job Fair,59728,4977,55-70k,2012-01-09,2015-06-27,3.46,3-5 ans,Voluntarily Terminated,relocation out of area,Yes,1,1,4,4.3,Fully Meets,3,0,0,0,0,16,6.13,2014-06-02
10033,"Winthrop, Jordan",Homme,M,Single,61,50+,White,No,US Citizen,MA,Production,Production Technician II,Brannon Miller,LinkedIn,70507,5876,70-90k,2013-01-07,2016-02-21,3.12,3-5 ans,Voluntarily Terminated,retiring,Yes,1,1,3,5.0,Exceeds,4,1,0,0,0,7,2.68,2016-01-19
10174,"Wolk, Hang  T",Femme,F,Single,35,30-39,White,No,US Citizen,MA,Production,Production Technician II,David Stanley,LinkedIn,60446,5037,55-70k,2014-09-29,,5.25,6-8 ans,Active,N/A-StillEmployed,No,0,0,4,3.4,Fully Meets,3,0,0,0,0,14,5.36,2019-02-21
10135,"Woodson, Jason",Homme,M,Single,35,30-39,White,No,US Citizen,MA,Production,Production Technician II,Kissy Sullivan,LinkedIn,65893,5491,55-70k,2014-07-07,,5.48,6-8 ans,Active,N/A-StillEmployed,No,0,0,4,4.07,Fully Meets,3,0,0,0,0,13,4.98,2019-02-28
10301,"Ybarra, Catherine",Femme,F,Single,38,30-39,Asian,No,US Citizen,MA,Production,Production Technician I,Brannon Miller,Google Search,48513,4043,<55k,2008-09-02,2015-09-29,7.07,6-8 ans,Voluntarily Terminated,Another position,Yes,1,1,2,3.2,PIP,1,0,1,0,5,4,1.53,2015-09-02
10010,"Zamora, Jennifer",Femme,F,Single,40,40-49,White,No,US Citizen,MA,IT/IS,CIO,Janet King,Employee Referral,220450,18371,90k+,2010-04-10,,9.72,9+ ans,Active,N/A-StillEmployed,No,0,0,5,4.6,Exceeds,4,1,0,6,0,16,6.13,2019-02-21
10043,"Zhou, Julia",Femme,F,Single,41,40-49,White,No,US Citizen,MA,IT/IS,Data Analyst,Simon Roup,Employee Referral,89292,7441,70-90k,2015-03-30,,4.76,3-5 ans,Active,N/A-StillEmployed,No,0,0,3,5.0,Fully Meets,3,0,0,5,0,11,4.21,2019-02-01
10271,"Zima, Colleen",Femme,F,Widowed,41,40-49,Asian,No,US Citizen,MA,Production,Production Technician I,David Stanley,LinkedIn,45046,3754,<55k,2014-09-29,,5.25,6-8 ans,Active,N/A-StillEmployed,No,0,0,5,4.5,Fully Meets,3,0,0,0,0,2,0.77,2019-01-30
